ID,Artist_ID,Album_Title,Genre,Year,Tracks,Sales,Avg_Rating,Controversy_Std,Sales_Potential_Score,Artistic_Value_Score,Composite_Score,Investment_Grade,Recommendation
12340,40859,I'm Da Real,Rap,2000,2,559310,5.0,0.0,94.321,100.0,96.87655000000001,S - Must Sign,Critically acclaimed; High commercial potential; Consensus among critics
4088,3167,Nissan,Western,2002,2,365317,5.0,0.0,93.75250000000001,100.0,96.56387500000001,S - Must Sign,Critically acclaimed; High commercial potential; Consensus among critics
90475,33699,Nervous,Indie,2002,2,380188,5.0,0.0,93.75250000000001,100.0,96.56387500000001,S - Must Sign,Critically acclaimed; High commercial potential; Consensus among critics
15028,15041,Honor Sing Icelandic,Techno,2005,2,441548,5.0,0.0,92.804,100.0,96.04220000000001,S - Must Sign,Critically acclaimed; High commercial potential; Consensus among critics
90024,35370,Cute Bling-a-ding Rich,Pop,2003,3,394263,5.0,0.0,91.805,100.0,95.49275,S - Must Sign,Critically acclaimed; High commercial potential; Consensus among critics
83115,48618,Big Biker Bike,Hard Rock,2009,2,955526,5.0,0.0,91.477,100.0,95.31235000000001,S - Must Sign,Critically acclaimed; High commercial potential; Consensus among critics; Proven sales track record
13363,7718,Alright Banana,Blues,2004,3,385011,5.0,0.0,91.437,100.0,95.29035,S - Must Sign,Critically acclaimed; High commercial potential; Consensus among critics
94538,34815,Mike Of For my,Indietronica,2002,2,886085,4.5,0.0,96.087,93.0,94.69785000000002,S - Must Sign,Critically acclaimed; High commercial potential; Consensus among critics; Proven sales track record
25642,39732,Sin Malay Suspend Exciting Tiny,Gospel,2012,2,739361,5.0,0.0,90.33149999999999,100.0,94.68232499999999,S - Must Sign,Critically acclaimed; High commercial potential; Consensus among critics
7015,14052,Available,Indie,2012,2,452704,5.0,0.0,90.33149999999999,100.0,94.68232499999999,S - Must Sign,Critically acclaimed; High commercial potential; Consensus among critics
77345,47148,Fantastic Baby,Dance,2004,2,286981,4.5,0.0,95.64399999999999,93.0,94.4542,S - Must Sign,Critically acclaimed; High commercial potential; Consensus among critics
97567,15454,Towering Cow Several,Country,2003,4,570546,5.0,0.0,89.865,100.0,94.42575,S - Must Sign,Critically acclaimed; High commercial potential; Consensus among critics
46441,8381,The Soups For Us,Metal,2005,2,890844,4.5,0.0,95.413,93.0,94.32715,S - Must Sign,Critically acclaimed; High commercial potential; Consensus among critics; Proven sales track record
75559,48730,Aggressive,Electro-Pop,2000,3,550958,4.5,0.0,95.387,93.0,94.31285,S - Must Sign,Critically acclaimed; High commercial potential; Consensus among critics
4725,45528,Carrots My Old,Pop-Rock,2009,3,694403,5.0,0.0,89.4995,100.0,94.224725,S - Must Sign,Critically acclaimed; High commercial potential; Consensus among critics
5330,19243,Miss Johnson Just for Remarkable Lamacorno Tutti i Frutti,Brit-Pop,2009,3,46908,5.0,0.0,89.4995,100.0,94.224725,S - Must Sign,Critically acclaimed; High commercial potential; Consensus among critics
59232,23906,Beautiful People Anxious Color Goes Legs,Pop,2007,2,770801,4.5,0.0,94.952,93.0,94.0736,S - Must Sign,Critically acclaimed; High commercial potential; Consensus among critics
14604,22830,Actual Fireworker Zeus Mantra,Rap,2002,3,954791,4.5,0.0,94.9285,93.0,94.060675,S - Must Sign,Critically acclaimed; High commercial potential; Consensus among critics; Proven sales track record
5151,33857,Verdura in Da Jeans,Parody,2002,3,884417,4.5,0.0,94.9285,93.0,94.060675,S - Must Sign,Critically acclaimed; High commercial potential; Consensus among critics; Proven sales track record
9666,17251,Tall Mad Complete Unfair,Indie,2005,4,372514,5.0,0.0,89.05,100.0,93.97749999999999,S - Must Sign,Critically acclaimed; High commercial potential; Consensus among critics
2138,38188,Syria Typical,Unplugged,2000,5,196472,5.0,0.0,89.008,100.0,93.95439999999999,S - Must Sign,Critically acclaimed; High commercial potential; Consensus among critics
14510,37655,Kenworth Serious Reasonable Eat Drink and Be Merry,J-Rock,2004,3,499092,4.5,0.0,94.4275,93.0,93.785125,S - Must Sign,Critically acclaimed; High commercial potential; Consensus among critics
42327,25109,To my Best Poland Sing,Latino,2004,3,280661,4.5,0.0,94.4275,93.0,93.785125,S - Must Sign,Critically acclaimed; High commercial potential; Consensus among critics
46897,35239,Nissan Squirrels Daimler Excalibur,Electro-Pop,2005,3,44494,4.5,0.0,94.15299999999999,93.0,93.63415,S - Must Sign,Critically acclaimed; High commercial potential; Consensus among critics
34978,19522,Dancer Dog Miss Johnson Jeep Two,Rap,2011,2,74764,4.5,0.0,93.903,93.0,93.49665000000002,S - Must Sign,Critically acclaimed; High commercial potential; Consensus among critics
3938,10168,My Worst Mathematician,Hard Rock,2011,2,78492,4.5,0.0,93.903,93.0,93.49665000000002,S - Must Sign,Critically acclaimed; High commercial potential; Consensus among critics
71245,28118,Shame Of Loves Detailed Skoda,Pop-Rock,2011,2,907622,4.5,0.0,93.903,93.0,93.49665000000002,S - Must Sign,Critically acclaimed; High commercial potential; Consensus among critics; Proven sales track record
33050,32686,Don't Talk to Gentle Else Lizard Catadiottro,Blues,2002,5,939208,5.0,0.0,88.14800000000001,100.0,93.48140000000001,S - Must Sign,Critically acclaimed; High commercial potential; Consensus among critics; Proven sales track record
46768,43394,Inner Big,Ambient,2006,3,195249,4.5,0.0,93.87100000000001,93.0,93.47905,S - Must Sign,Critically acclaimed; High commercial potential; Consensus among critics
96680,19532,Goblin State of Loves Secret Son,Pop-Rock,2001,4,119158,4.5,0.0,93.839,93.0,93.46145000000001,S - Must Sign,Critically acclaimed; High commercial potential; Consensus among critics
38548,29248,Bertie Said Israel Cereals Typical,Black Metal,2009,4,266985,5.0,0.0,87.31400000000001,100.0,93.02270000000001,S - Must Sign,Critically acclaimed; High commercial potential; Consensus among critics
61765,32817,Cute As Lopez,Latino,2004,5,840434,5.0,0.0,87.27000000000001,100.0,92.9985,S - Must Sign,Critically acclaimed; High commercial potential; Consensus among critics; Proven sales track record
73294,38863,Kiss My Fiat,Pop,2015,2,23530,4.5,0.0,92.64250000000001,93.0,92.80337500000002,S - Must Sign,Critically acclaimed; High commercial potential; Consensus among critics
68502,10509,Yesterday Black That Doggies Big,Rock,2015,2,199301,4.5,0.0,92.64250000000001,93.0,92.80337500000002,S - Must Sign,Critically acclaimed; High commercial potential; Consensus among critics
25628,21133,Are Volkswagen,Pop-Rock,2005,4,462020,4.5,0.0,92.565,93.0,92.76075,S - Must Sign,Critically acclaimed; High commercial potential; Consensus among critics
99595,8779,Inside the Song Rock 'n' Roll,Rock,2000,5,379614,4.5,0.0,92.52850000000001,93.0,92.74067500000001,S - Must Sign,Critically acclaimed; High commercial potential; Consensus among critics
52188,42105,Better Loves,Holy Metal,2000,5,286426,4.5,0.0,92.52850000000001,93.0,92.74067500000001,S - Must Sign,Critically acclaimed; High commercial potential; Consensus among critics
11116,41636,Tiger Cultural Huge Green Strong,Punk,2000,6,643281,5.0,0.0,86.745,100.0,92.70975000000001,S - Must Sign,Critically acclaimed; High commercial potential; Consensus among critics
2770,22990,Alive Estar Abuse Bling-a-ding,Deep House,2006,4,728463,4.5,0.0,92.27499999999999,93.0,92.60125,S - Must Sign,Critically acclaimed; High commercial potential; Consensus among critics
35118,23232,Porsche,Black Metal,2001,5,501627,4.5,0.0,92.238,93.0,92.58090000000001,S - Must Sign,Critically acclaimed; High commercial potential; Consensus among critics
79902,2157,Reloaded Mike Driver,Electro-Pop,2011,4,808518,5.0,0.0,86.335,100.0,92.48425,S - Must Sign,Critically acclaimed; High commercial potential; Consensus among critics; Proven sales track record
77745,33824,Down Economist Yesterday Squirrels Of Love,Dance,2006,5,425169,5.0,0.0,86.276,100.0,92.45179999999999,S - Must Sign,Critically acclaimed; High commercial potential; Consensus among critics
58999,9416,Forever Good Big For You,Pop,2012,3,218852,4.5,0.0,91.986,93.0,92.44230000000002,S - Must Sign,Critically acclaimed; High commercial potential; Consensus among critics
51473,17034,Like Responsible Bear,Ambient,2001,2,829752,4.833333333333333,0.28867513459481287,90.131,95.0,92.32205,S - Must Sign,Critically acclaimed; High commercial potential; Consensus among critics; Proven sales track record
55009,15412,We Invented Music Bro,Blues,2008,4,166822,4.5,0.0,91.597,93.0,92.22835,S - Must Sign,Critically acclaimed; High commercial potential; Consensus among critics
57154,18567,Chef Ride Yesterday Dacia,Lounge,2017,3,572479,5.0,0.0,85.846,100.0,92.21530000000001,S - Must Sign,Critically acclaimed; High commercial potential; Consensus among critics
80536,42787,Towering In the Sky Aggressive Slovak Make it,Alternative,2003,5,138356,4.5,0.0,91.561,93.0,92.20855,S - Must Sign,Critically acclaimed; High commercial potential; Consensus among critics
17845,34155,My Best Bailando Vauxhall,Indie,2012,4,908680,5.0,0.0,85.8,100.0,92.19,S - Must Sign,Critically acclaimed; High commercial potential; Consensus among critics; Proven sales track record
26925,1313,Relax Believe Chocolate Sheep,Gospel,2005,2,808472,4.0,0.0,97.2265,86.0,92.174575,S - Must Sign,Critically acclaimed; High commercial potential; Consensus among critics; Proven sales track record
67440,41289,Heat,Alternative,2005,2,625593,4.0,0.0,97.2265,86.0,92.174575,S - Must Sign,Critically acclaimed; High commercial potential; Consensus among critics
87064,40724,Better Miss Magenta Connect,Indie,2000,3,598890,4.0,0.0,97.209,86.0,92.16495,S - Must Sign,Critically acclaimed; High commercial potential; Consensus among critics
51411,46530,Never Forget The Banana Goblin,Trap,2002,2,578306,4.833333333333333,0.28867513459481287,89.75,95.0,92.11250000000001,S - Must Sign,Critically acclaimed; High commercial potential; Consensus among critics
41430,514,They Were Bless My Worst Hungary Chinchilla,Indie,2001,3,591302,4.0,0.0,97.05,86.0,92.07750000000001,S - Must Sign,Critically acclaimed; High commercial potential; Consensus among critics
43533,24577,Uzbekistan,Punk,2002,2,189483,4.666666666666667,0.28867513459481287,90.958,93.33333333333333,92.02690000000001,S - Must Sign,Critically acclaimed; High commercial potential; Consensus among critics
55706,45315,Loves Alligator Lover,Boy Band,2007,2,136282,4.0,0.0,96.914,86.0,92.0027,S - Must Sign,Critically acclaimed; High commercial potential; Consensus among critics
65136,46131,Uzbek,Compilation,2018,3,948056,5.0,0.0,85.309,100.0,91.91995,S - Must Sign,Critically acclaimed; High commercial potential; Consensus among critics; Proven sales track record
2230,32588,Persian Former Pencil Speed Effect,Latino,2013,4,107726,5.0,0.0,85.265,100.0,91.89575,S - Must Sign,Critically acclaimed; High commercial potential; Consensus among critics
44419,14775,Lovers Educational Cute,Folk,2003,2,235842,4.833333333333333,0.28867513459481287,89.3525,95.0,91.89387500000001,S - Must Sign,Critically acclaimed; High commercial potential; Consensus among critics
8684,22801,Confident,K-Pop,2003,2,556365,4.833333333333333,0.28867513459481287,89.3525,95.0,91.89387500000001,S - Must Sign,Critically acclaimed; High commercial potential; Consensus among critics
8401,8319,The Star,Electro-Pop,2003,2,37281,4.666666666666667,0.28867513459481287,90.575,93.33333333333333,91.81625,S - Must Sign,Critically acclaimed; High commercial potential; Consensus among critics
81241,11993,Sgarbi Capra,Pop,2000,6,736165,4.5,0.0,90.764,93.0,91.7702,S - Must Sign,Critically acclaimed; High commercial potential; Consensus among critics
8441,49040,Pleasant Mix,Ambient,2000,4,666197,4.0,0.0,96.32,86.0,91.676,S - Must Sign,Critically acclaimed; High commercial potential; Consensus among critics
60876,31291,Down,Unplugged,2004,2,923782,4.666666666666667,0.28867513459481287,90.191,93.33333333333333,91.60505,S - Must Sign,Critically acclaimed; High commercial potential; Consensus among critics; Proven sales track record
21721,39281,Like,Lounge,2014,4,624760,5.0,0.0,84.72800000000001,100.0,91.60040000000001,S - Must Sign,Critically acclaimed; High commercial potential; Consensus among critics
96811,3552,Alexander Platz Huge Logical,Latino,2006,3,746127,4.0,0.0,96.16,86.0,91.58800000000001,S - Must Sign,Critically acclaimed; High commercial potential; Consensus among critics
42710,47048,Follow Arabia Heat Gnu Huge,Deep House,2006,5,50666,4.5,0.0,90.412,93.0,91.57660000000001,S - Must Sign,Critically acclaimed; High commercial potential; Consensus among critics
8113,40912,Recent,Alternative,2009,5,328238,5.0,0.0,84.675,100.0,91.57124999999999,S - Must Sign,Critically acclaimed; High commercial potential; Consensus among critics
13032,10391,Renault Assistant Klingon Lover,Rock,2012,2,230142,4.0,0.0,95.97,86.0,91.4835,S - Must Sign,Critically acclaimed; High commercial potential; Consensus among critics
539,17719,Balance Computer Hardware,Indie,2005,2,469946,4.833333333333333,0.28867513459481287,88.505,95.0,91.42775,S - Must Sign,Critically acclaimed; High commercial potential; Consensus among critics
40723,10632,FAW,Indie,2017,3,423048,4.5,0.0,90.0955,93.0,91.402525,S - Must Sign,Critically acclaimed; High commercial potential; Consensus among critics
12479,31074,Honored For my Rich,Unplugged,2017,3,601816,4.5,0.0,90.0955,93.0,91.402525,S - Must Sign,Critically acclaimed; High commercial potential; Consensus among critics
7652,17097,Goodbye my Old Adjoining Impressive Hebrew,Latino,2005,2,652507,4.666666666666667,0.28867513459481287,89.81099999999999,93.33333333333333,91.39605,S - Must Sign,Critically acclaimed; High commercial potential; Consensus among critics
6130,31011,Heart Dongfeng Soups,Parody,2005,2,835834,4.666666666666667,0.28867513459481287,89.81099999999999,93.33333333333333,91.39605,S - Must Sign,Critically acclaimed; High commercial potential; Consensus among critics; Proven sales track record
78749,49244,Icelandic Kia Hills Mandarin Secretive Typical,Brit-Pop,2005,2,961247,4.666666666666667,0.28867513459481287,89.81099999999999,93.33333333333333,91.39605,S - Must Sign,Critically acclaimed; High commercial potential; Consensus among critics; Proven sales track record
63108,40484,Israel Mouse,Brit-Pop,2000,3,455140,4.666666666666667,0.28867513459481287,89.771,93.33333333333333,91.37405000000001,S - Must Sign,Critically acclaimed; High commercial potential; Consensus among critics
46176,21124,Invention Italian,Brit-Pop,2007,5,543878,4.5,0.0,90.0185,93.0,91.360175,S - Must Sign,Critically acclaimed; High commercial potential; Consensus among critics
55877,23051,Time Mind Enemy From the Streets Eleven,Boy Band,2007,5,597468,4.5,0.0,90.0185,93.0,91.360175,S - Must Sign,Critically acclaimed; High commercial potential; Consensus among critics
31932,42091,Tata Motors Primrose,Pop-Rock,2010,5,205064,5.0,0.0,84.125,100.0,91.26875000000001,S - Must Sign,Critically acclaimed; High commercial potential; Consensus among critics
17170,29272,Story of Additional Heat Afraid,Rap,2006,2,565400,4.666666666666667,0.28867513459481287,89.401,93.33333333333333,91.17054999999999,S - Must Sign,Critically acclaimed; High commercial potential; Consensus among critics
12758,28817,The Holy Thunder Of Alligator,Holy Metal,2001,3,953460,4.666666666666667,0.28867513459481287,89.366,93.33333333333333,91.1513,S - Must Sign,Critically acclaimed; High commercial potential; Consensus among critics; Proven sales track record
51369,29321,Coati Southern I'm Gonna Gentle Electrical,Parody,2005,4,435826,4.0,0.0,95.2645,86.0,91.09547500000001,S - Must Sign,Critically acclaimed; High commercial potential; Consensus among critics
39948,47149,Mitsubishi,Indie,2005,4,811845,4.0,0.0,95.2645,86.0,91.09547500000001,S - Must Sign,Critically acclaimed; High commercial potential; Consensus among critics; Proven sales track record
55771,43719,South Levantine Marigold The Manigold,Unplugged,2000,5,675395,4.0,0.0,95.248,86.0,91.08640000000001,S - Must Sign,Critically acclaimed; High commercial potential; Consensus among critics
65349,833,Bling-a-ding,Techno,2016,4,797995,5.0,0.0,83.59400000000001,100.0,90.97670000000001,S - Must Sign,Critically acclaimed; High commercial potential; Consensus among critics
89758,3451,Horses Tiger,Rock,2016,4,243517,5.0,0.0,83.59400000000001,100.0,90.97670000000001,S - Must Sign,Critically acclaimed; High commercial potential; Consensus among critics
57356,43830,Geese Don't Talk to,Unplugged,2016,4,777891,5.0,0.0,83.59400000000001,100.0,90.97670000000001,S - Must Sign,Critically acclaimed; High commercial potential; Consensus among critics
94596,7630,Don't Talk to I Really Want,Pop,2019,3,308688,4.5,0.0,89.31400000000001,93.0,90.9727,S - Must Sign,Critically acclaimed; High commercial potential; Consensus among critics
97034,14475,The,Alternative,2011,5,361108,5.0,0.0,83.548,100.0,90.9514,S - Must Sign,Critically acclaimed; High commercial potential; Consensus among critics
40416,33369,Of Lover Bat The Queen Substantial,Death Metal,2007,2,204695,4.666666666666667,0.28867513459481287,88.992,93.33333333333333,90.94560000000001,S - Must Sign,Critically acclaimed; High commercial potential; Consensus among critics
13014,30881,For You Story of,Techno,2007,2,265861,4.833333333333333,0.28867513459481287,87.62,95.0,90.941,S - Must Sign,Critically acclaimed; High commercial potential; Consensus among critics
10712,4201,Pony You Ugly Green,Indie,2002,3,385566,4.666666666666667,0.28867513459481287,88.965,93.33333333333333,90.93075,S - Must Sign,Critically acclaimed; High commercial potential; Consensus among critics
5187,16646,You're My Shooting Star,Country,2002,3,676019,4.833333333333333,0.28867513459481287,87.583,95.0,90.92065,S - Must Sign,Critically acclaimed; High commercial potential; Consensus among critics
83758,46144,Towering,Folk,2006,6,228444,5.0,0.0,83.488,100.0,90.9184,S - Must Sign,Critically acclaimed; High commercial potential; Consensus among critics
103,22206,Chinchilla,Boy Band,2001,7,275814,5.0,0.0,83.4175,100.0,90.879625,S - Must Sign,Critically acclaimed; High commercial potential; Consensus among critics
75236,15147,Arabia Will Music Sister,Holy Metal,2001,7,867602,5.0,0.0,83.4175,100.0,90.879625,S - Must Sign,Critically acclaimed; High commercial potential; Consensus among critics; Proven sales track record
27369,18988,Of Love Bus Song,Pop-Rock,2002,2,334974,4.333333333333333,0.28867513459481287,93.142,88.0,90.8281,S - Must Sign,Critically acclaimed; High commercial potential; Consensus among critics
63906,25890,La Barba Cresce Never Too Much,Western,2002,2,1823,4.333333333333333,0.28867513459481287,93.142,88.0,90.8281,S - Must Sign,Critically acclaimed; High commercial potential; Consensus among critics
40709,36791,Arabia Alleged Pencil Matter,J-Rock,2002,2,378207,4.333333333333333,0.28867513459481287,93.142,88.0,90.8281,S - Must Sign,Critically acclaimed; High commercial potential; Consensus among critics
90851,24611,Spine Unlikely Flippin Wonderful,Heavy Metal,2001,2,234934,4.166666666666667,0.28867513459481287,94.362,86.33333333333334,90.74910000000001,S - Must Sign,Critically acclaimed; High commercial potential; Consensus among critics
13909,19203,Califiornia Like Spaghetti The,Dance,2008,2,39249,4.666666666666667,0.28867513459481287,88.575,93.33333333333333,90.71625,S - Must Sign,Critically acclaimed; High commercial potential; Consensus among critics
30176,44153,Sunshine Tomorrow,Death Metal,2008,2,875855,4.666666666666667,0.28867513459481287,88.575,93.33333333333333,90.71625,S - Must Sign,Critically acclaimed; High commercial potential; Consensus among critics; Proven sales track record
57085,17279,Miss Pregnant China Boy Discovery,Pop,2008,2,157937,4.666666666666667,0.28867513459481287,88.575,93.33333333333333,90.71625,S - Must Sign,Critically acclaimed; High commercial potential; Consensus among critics
18780,12548, cuddly Scream Assistant,Rap,2018,2,234278,4.0,0.0,94.571,86.0,90.71405000000001,S - Must Sign,Critically acclaimed; High commercial potential; Consensus among critics
65507,45941,Yesterday Deafening Pakistan General,Boy Band,2013,3,555440,4.0,0.0,94.544,86.0,90.6992,S - Must Sign,Critically acclaimed; High commercial potential; Consensus among critics
36841,31941,Catch me My Old,Indie,2005,6,223950,4.5,0.0,88.7705,93.0,90.673775,S - Must Sign,Critically acclaimed; High commercial potential; Consensus among critics
95686,24523,Asleep Hijazi Chameleon Clamp,Pop-Rock,2005,6,685379,4.5,0.0,88.7705,93.0,90.673775,S - Must Sign,Critically acclaimed; High commercial potential; Consensus among critics
82321,27353,Of Mercedes Important,Pop-Rock,2003,3,993082,4.833333333333333,0.28867513459481287,87.104,95.0,90.6572,S - Must Sign,Critically acclaimed; High commercial potential; Consensus among critics; Proven sales track record
53784,10556,Tomorrow Turkmenistan,Trap,2012,5,191277,5.0,0.0,82.935,100.0,90.61425,S - Must Sign,Critically acclaimed; High commercial potential; Consensus among critics
82562,14875,The Long And Winding Road Chrysler,Indie,2007,6,515747,5.0,0.0,82.8885,100.0,90.588675,S - Must Sign,Critically acclaimed; High commercial potential; Consensus among critics
59903,6254,Bangla Vauxhall,Indie,2007,6,861411,5.0,0.0,82.8885,100.0,90.588675,S - Must Sign,Critically acclaimed; High commercial potential; Consensus among critics; Proven sales track record
58340,24195,Automotive mechanic Entire Advisor Shy Dongfeng,J-Rock,2002,2,59359,4.166666666666667,0.28867513459481287,94.06700000000001,86.33333333333334,90.58685000000003,S - Must Sign,Critically acclaimed; High commercial potential; Consensus among critics
7594,21455,Ametista Of Love Computer Systems,Compilation,2014,3,762540,4.0,0.0,94.294,86.0,90.5617,S - Must Sign,Critically acclaimed; High commercial potential; Consensus among critics
23362,15168,Informal Available Wipe,Unplugged,2004,5,542140,4.0,0.0,94.24249999999999,86.0,90.533375,S - Must Sign,Critically acclaimed; High commercial potential; Consensus among critics
5531,23824,I'm Da Real Ampelmann Lose Control,Punk,2004,5,524907,4.0,0.0,94.24249999999999,86.0,90.533375,S - Must Sign,Critically acclaimed; High commercial potential; Consensus among critics
5299,19346,Allegoric Turkey Chicken,Rap,2016,4,621144,4.5,0.0,88.425,93.0,90.48375,S - Must Sign,Critically acclaimed; High commercial potential; Consensus among critics
29684,33261,Time,Parody,2009,2,800232,4.666666666666667,0.28867513459481287,88.122,93.33333333333333,90.4671,S - Must Sign,Critically acclaimed; High commercial potential; Consensus among critics; Proven sales track record
60679,36789,Algerian Cow Federal Alleged Hebrew,Pop,2004,3,569564,4.666666666666667,0.28867513459481287,88.083,93.33333333333333,90.44565,S - Must Sign,Critically acclaimed; High commercial potential; Consensus among critics
98303,29805,Aboriginal Wine,Live,2003,2,268244,4.166666666666667,0.28867513459481287,93.798,86.33333333333334,90.43890000000002,S - Must Sign,Critically acclaimed; High commercial potential; Consensus among critics
4146,3373,Available In the Sky Intelligent Turkey In the Night,Gospel,2009,2,170798,4.833333333333333,0.28867513459481287,86.697,95.0,90.43335,S - Must Sign,Critically acclaimed; High commercial potential; Consensus among critics
76838,29365,Sunshine Morining Summer Death,Progressive,2006,6,454425,4.5,0.0,88.33149999999999,93.0,90.43232499999999,S - Must Sign,Critically acclaimed; High commercial potential; Consensus among critics
99189,24475,Shivering Thinking Of You Angel,Lounge,2006,6,406656,4.5,0.0,88.33149999999999,93.0,90.43232499999999,S - Must Sign,Critically acclaimed; High commercial potential; Consensus among critics
90180,9059,Call me Careful Sheet,Western,2004,3,78275,4.833333333333333,0.28867513459481287,86.6495,95.0,90.40722500000001,S - Must Sign,Critically acclaimed; High commercial potential; Consensus among critics
61049,28366,Full of History No Human,Pop,2004,3,758886,4.833333333333333,0.28867513459481287,86.6495,95.0,90.40722500000001,S - Must Sign,Critically acclaimed; High commercial potential; Consensus among critics
54324,43546,Indonesian,Latino,2005,2,530810,4.333333333333333,0.28867513459481287,92.16499999999999,88.0,90.29075,S - Must Sign,Critically acclaimed; High commercial potential; Consensus among critics
41808,29760,Forgive Cuddly,Pop-Rock,2000,3,116679,4.333333333333333,0.28867513459481287,92.144,88.0,90.2792,S - Must Sign,Critically acclaimed; High commercial potential; Consensus among critics
21372,5208,High School Never Ends,Boy Band,2016,3,487333,4.0,0.0,93.723,86.0,90.24765000000001,S - Must Sign,Critically acclaimed; High commercial potential; Consensus among critics
12354,20391,Luxermbourgish,Jazz,2006,5,461221,4.0,0.0,93.67999999999999,86.0,90.224,S - Must Sign,Critically acclaimed; High commercial potential; Consensus among critics
69124,11141,Central Station Tiger House,Brit-Pop,2010,2,792938,4.666666666666667,0.28867513459481287,87.669,93.33333333333333,90.21795,S - Must Sign,Critically acclaimed; High commercial potential; Consensus among critics
72438,37081,Price Teacher Full of They,Jazz,2012,5,887585,4.5,0.0,87.922,93.0,90.2071,S - Must Sign,Critically acclaimed; High commercial potential; Consensus among critics; Proven sales track record
34168,34537,Needy Environmental Glossy,Latino,2005,3,407594,4.666666666666667,0.28867513459481287,87.63300000000001,93.33333333333333,90.19815000000001,S - Must Sign,Critically acclaimed; High commercial potential; Consensus among critics
85016,41189,Najdi Architect Ferret,Retro,2000,4,593574,4.666666666666667,0.28867513459481287,87.61,93.33333333333333,90.1855,S - Must Sign,Critically acclaimed; High commercial potential; Consensus among critics
54331,17796,Manager,Pop,2000,4,271676,4.666666666666667,0.28867513459481287,87.61,93.33333333333333,90.1855,S - Must Sign,Critically acclaimed; High commercial potential; Consensus among critics
38296,40324,Peugeot Kia Hills Sings Yesterday,Metal,2000,4,876458,4.666666666666667,0.28867513459481287,87.61,93.33333333333333,90.1855,S - Must Sign,Critically acclaimed; High commercial potential; Consensus among critics; Proven sales track record
97665,16682,Shivering Thinking Of You Angel,Lounge,2002,7,71843,4.5,0.0,87.82900000000001,93.0,90.15595000000002,S - Must Sign,Critically acclaimed; High commercial potential; Consensus among critics
53621,8363,Jollar Boring,Trap,2005,3,678254,4.833333333333333,0.28867513459481287,86.11,95.0,90.1105,S - Must Sign,Critically acclaimed; High commercial potential; Consensus among critics
99270,14042,Go! My Best Hungary,Western,2005,2,689988,4.166666666666667,0.28867513459481287,93.19800000000001,86.33333333333334,90.10890000000002,S - Must Sign,Critically acclaimed; High commercial potential; Consensus among critics
86749,26432,Believe In the Sky Find Entertaining,Folk,2006,2,165709,4.333333333333333,0.28867513459481287,91.83200000000001,88.0,90.10760000000002,S - Must Sign,Critically acclaimed; High commercial potential; Consensus among critics
80870,253,Actual Chapter book,K-Pop,2000,3,454059,4.166666666666667,0.28867513459481287,93.1655,86.33333333333334,90.091025,S - Must Sign,Critically acclaimed; High commercial potential; Consensus among critics
24597,30015,Anxious OCamel Spanish,Hard Rock,2000,3,186528,4.166666666666667,0.28867513459481287,93.1655,86.33333333333334,90.091025,S - Must Sign,Critically acclaimed; High commercial potential; Consensus among critics
29214,2198,Flippin Carrots Egypt Cause,Blues,2001,3,466981,4.333333333333333,0.28867513459481287,91.797,88.0,90.08835,S - Must Sign,Critically acclaimed; High commercial potential; Consensus among critics
11410,27058,Several Psychedelic They Were,Jazz,2017,3,261643,4.0,0.0,93.428,86.0,90.0854,S - Must Sign,Critically acclaimed; High commercial potential; Consensus among critics
15879,12937,Horses Prince Of Vanuatu Better Off,Parody,2007,5,981105,4.0,0.0,93.378,86.0,90.0579,S - Must Sign,Critically acclaimed; High commercial potential; Consensus among critics; Proven sales track record
92656,19406,War Distinct Principale Informal,Progressive,2018,4,540245,4.5,0.0,87.536,93.0,89.9948,S - Must Sign,Critically acclaimed; High commercial potential; Consensus among critics
49733,26957,Civil Alexander Platz,Lounge,2011,2,688889,4.666666666666667,0.28867513459481287,87.2445,93.33333333333333,89.984475,S - Must Sign,Critically acclaimed; High commercial potential; Consensus among critics
73035,21081,Rhinoceros,Indie,2011,2,515181,4.666666666666667,0.28867513459481287,87.2445,93.33333333333333,89.984475,S - Must Sign,Critically acclaimed; High commercial potential; Consensus among critics
72701,7094,Dancer White Trick Hands I Wanna be In,Folk,2014,5,694305,5.0,0.0,81.755,100.0,89.96525,S - Must Sign,Critically acclaimed; High commercial potential; Consensus among critics
891,37514,I'm On Instagram Puma,Pop-Rock,2006,3,32956,4.666666666666667,0.28867513459481287,87.1925,93.33333333333333,89.95587499999999,S - Must Sign,Critically acclaimed; High commercial potential; Consensus among critics
4315,43085,Slovak Guitar Italian Sky My,Death Metal,2006,3,455113,4.666666666666667,0.28867513459481287,87.1925,93.33333333333333,89.95587499999999,S - Must Sign,Critically acclaimed; High commercial potential; Consensus among critics
59844,23311,DJ Mix Mouse Thunder,Death Metal,2009,6,934885,5.0,0.0,81.688,100.0,89.92840000000001,S - Must Sign,Critically acclaimed; High commercial potential; Consensus among critics; Proven sales track record
71974,18866,You are my Sweet,Pop,2006,2,564819,4.166666666666667,0.28867513459481287,92.86,86.33333333333334,89.923,S - Must Sign,Critically acclaimed; High commercial potential; Consensus among critics
80723,28528,Medalion Hijazi Arms Deep Down the,Heavy Metal,2003,7,696355,4.5,0.0,87.40400000000001,93.0,89.9222,S - Must Sign,Critically acclaimed; High commercial potential; Consensus among critics
97287,41871,Running Hebrew Wand,Rock,2001,4,712077,4.666666666666667,0.28867513459481287,87.131,93.33333333333333,89.92205000000001,S - Must Sign,Critically acclaimed; High commercial potential; Consensus among critics
43103,33237,Manager Iceland Indonesia Environmental,K-Pop,2007,2,788961,4.333333333333333,0.28867513459481287,91.469,88.0,89.90795,S - Must Sign,Critically acclaimed; High commercial potential; Consensus among critics
28536,11471,Kia Hills,Black Metal,2018,3,884156,4.0,0.0,93.104,86.0,89.9072,S - Must Sign,Critically acclaimed; High commercial potential; Consensus among critics; Proven sales track record
41598,29239,Algerian Dongfeng Of Final Forget It,Progressive,2013,4,586169,4.0,0.0,93.07600000000001,86.0,89.89180000000002,S - Must Sign,Critically acclaimed; High commercial potential; Consensus among critics
41345,49734,Give me Cute A Quiet Manager I Ain't No,Lounge,2002,3,135452,4.333333333333333,0.28867513459481287,91.43,88.0,89.88650000000001,S - Must Sign,Critically acclaimed; High commercial potential; Consensus among critics
5585,37773,My Big Huge Piece Of Fiat,Punk,2002,2,691316,3.5,0.0,98.761,79.0,89.86855,S - Must Sign,Solid reviews; High commercial potential; Consensus among critics
96689,22836,Unhappy,Latino,2011,2,903908,4.833333333333333,0.28867513459481287,85.6485,95.0,89.856675,S - Must Sign,Critically acclaimed; High commercial potential; Consensus among critics; Proven sales track record
67712,3197,Middle School Teacher I'm Da Real Nervous,Pop-Rock,2011,2,233822,4.833333333333333,0.28867513459481287,85.6485,95.0,89.856675,S - Must Sign,Critically acclaimed; High commercial potential; Consensus among critics
2840,24169,More Miss Just For ME,Rock,2006,3,440466,4.833333333333333,0.28867513459481287,85.611,95.0,89.83605,S - Must Sign,Critically acclaimed; High commercial potential; Consensus among critics
74169,36981,Squirrel Loves Dodge Primrose Familiar,Brit-Pop,2001,4,809277,4.833333333333333,0.28867513459481287,85.538,95.0,89.7959,S - Must Sign,Critically acclaimed; High commercial potential; Consensus among critics; Proven sales track record
2032,21406,I'm On Instagram Puma,Pop-Rock,2004,2,900580,3.5,0.0,98.587,79.0,89.77285,S - Must Sign,Solid reviews; High commercial potential; Consensus among critics; Proven sales track record
69993,13719,Son Lover You Look Like Next to Manager,Latino,2007,2,229855,4.166666666666667,0.28867513459481287,92.5145,86.33333333333334,89.73297500000001,S - Must Sign,Critically acclaimed; High commercial potential; Consensus among critics
5304,15838,Psychedelic Way,Boy Band,2007,2,959383,4.166666666666667,0.28867513459481287,92.5145,86.33333333333334,89.73297500000001,S - Must Sign,Critically acclaimed; High commercial potential; Consensus among critics; Proven sales track record
50530,41901,Lover Arabic Below the High,Pop-Rock,2012,2,674035,4.666666666666667,0.28867513459481287,86.76,93.33333333333333,89.718,S - Must Sign,Critically acclaimed; High commercial potential; Consensus among critics
42780,10443,Guttural,Parody,2012,2,473705,4.666666666666667,0.28867513459481287,86.76,93.33333333333333,89.718,S - Must Sign,Critically acclaimed; High commercial potential; Consensus among critics
38535,29201,My Fluffy Running,Rap,2012,2,151450,4.666666666666667,0.28867513459481287,86.76,93.33333333333333,89.718,S - Must Sign,Critically acclaimed; High commercial potential; Consensus among critics
42268,6517,Don't Talk to Deaf Inside Out,Pop-Rock,2012,2,104202,4.666666666666667,0.28867513459481287,86.76,93.33333333333333,89.718,S - Must Sign,Critically acclaimed; High commercial potential; Consensus among critics
76683,39091,In the Sky Aggressive The Tata Motors,Pop,2012,2,612708,4.666666666666667,0.28867513459481287,86.76,93.33333333333333,89.718,S - Must Sign,Critically acclaimed; High commercial potential; Consensus among critics
9284,18619,Jeep Deep Down the Ugly Running Around Like a,Unplugged,2014,5,692354,4.5,0.0,87.02499999999999,93.0,89.71375,S - Must Sign,Critically acclaimed; High commercial potential; Consensus among critics
47001,1611,Pure Of Obviously,Death Metal,2009,5,3961,4.0,0.0,92.717,86.0,89.69435000000001,S - Must Sign,Critically acclaimed; High commercial potential; Consensus among critics
74470,47834,Arkansas Of Love,Rock,2008,2,728773,4.333333333333333,0.28867513459481287,91.059,88.0,89.68245,S - Must Sign,Critically acclaimed; High commercial potential; Consensus among critics
34202,30527,Chip Red Talented Dancer Minnie Moon,Indie,2004,7,689633,4.5,0.0,86.94800000000001,93.0,89.6714,S - Must Sign,Critically acclaimed; High commercial potential; Consensus among critics
36556,3443,Pencil Of Death Explains Sin,Black Metal,2002,4,832565,4.666666666666667,0.28867513459481287,86.6735,93.33333333333333,89.67042500000001,S - Must Sign,Critically acclaimed; High commercial potential; Consensus among critics; Proven sales track record
18435,21907,Matteo Caddilac Marcota Bike,Metal,2002,4,968075,4.666666666666667,0.28867513459481287,86.6735,93.33333333333333,89.67042500000001,S - Must Sign,Critically acclaimed; High commercial potential; Consensus among critics; Proven sales track record
7371,18340,Miami Dream Messy In the Sky Relax Expelli Armus,Dance,2003,3,881889,4.333333333333333,0.28867513459481287,91.03,88.0,89.66650000000001,S - Must Sign,Critically acclaimed; High commercial potential; Consensus among critics; Proven sales track record
95065,23305,Lover Practical,Pop-Rock,2001,3,473258,3.5,0.0,98.336,79.0,89.63480000000001,S - Must Sign,Solid reviews; High commercial potential; Consensus among critics
37872,29583,Hope Kicking your Aggressive,Pop,2015,5,255953,5.0,0.0,81.1245,100.0,89.618475,S - Must Sign,Critically acclaimed; High commercial potential; Consensus among critics
52785,21151,Final Lamb Sacrifice Toyota,Death Metal,2015,5,295227,5.0,0.0,81.1245,100.0,89.618475,S - Must Sign,Critically acclaimed; High commercial potential; Consensus among critics
56679,21280,Malaysian History Of Finland,Techno,2010,6,194794,5.0,0.0,81.07,100.0,89.58850000000001,S - Must Sign,Critically acclaimed; High commercial potential; Consensus among critics
32199,33781,Better Have Morbido,Unplugged,2008,2,798235,4.166666666666667,0.28867513459481287,92.218,86.33333333333334,89.56990000000002,S - Must Sign,Critically acclaimed; High commercial potential; Consensus among critics
39022,17243,Robbers Car,Live,2012,2,812073,4.833333333333333,0.28867513459481287,85.0955,95.0,89.552525,S - Must Sign,Critically acclaimed; High commercial potential; Consensus among critics; Proven sales track record
54885,36295,Bertie Crying for the,Lounge,2012,2,773173,4.833333333333333,0.28867513459481287,85.0955,95.0,89.552525,S - Must Sign,Critically acclaimed; High commercial potential; Consensus among critics
60277,33294,Forever Good Big For You,Pop,2003,3,804643,4.166666666666667,0.28867513459481287,92.1805,86.33333333333334,89.54927500000001,S - Must Sign,Critically acclaimed; High commercial potential; Consensus among critics; Proven sales track record
11005,32210,Kia Hills Direful Indonesia Below the Childcare worker,Metal,2003,3,622164,4.166666666666667,0.28867513459481287,92.1805,86.33333333333334,89.54927500000001,S - Must Sign,Critically acclaimed; High commercial potential; Consensus among critics
4036,1648,Fear Lover At Home Boy,Jazz,2007,3,322192,4.833333333333333,0.28867513459481287,85.051,95.0,89.52805000000001,S - Must Sign,Critically acclaimed; High commercial potential; Consensus among critics
53419,49147,Administrator Story of Civil Boring The Baddest Female,Lounge,2010,5,522170,4.0,0.0,92.389,86.0,89.51395,S - Must Sign,Critically acclaimed; High commercial potential; Consensus among critics
952,12272,Need Mandarin Chameleon That's my Boring,Deep House,2003,3,181211,3.5,0.0,98.10799999999999,79.0,89.5094,S - Must Sign,Solid reviews; High commercial potential; Consensus among critics
61041,12587,I Ain't No,Indie,2005,6,287194,4.0,0.0,92.367,86.0,89.50185000000002,S - Must Sign,Critically acclaimed; High commercial potential; Consensus among critics
72618,9025,Matter Dancing Moves Bosnia and Herzegovina,Rock,2002,4,236103,4.833333333333333,0.28867513459481287,85.003,95.0,89.50165000000001,S - Must Sign,Critically acclaimed; High commercial potential; Consensus among critics
76196,31212,FAW Alleged Boys,Gospel,2009,2,225735,4.333333333333333,0.28867513459481287,90.711,88.0,89.49105,S - Must Sign,Critically acclaimed; High commercial potential; Consensus among critics
88563,17183,Ugly Former Maximus,Live,2000,7,604332,4.0,0.0,92.341,86.0,89.48755,S - Must Sign,Critically acclaimed; High commercial potential; Consensus among critics
16117,30571,Candy Stars For my Lovers,Pop,2013,2,612458,4.666666666666667,0.28867513459481287,86.234,93.33333333333333,89.42869999999999,S - Must Sign,Critically acclaimed; High commercial potential; Consensus among critics
76925,17450,The,Deep House,2009,2,547485,4.166666666666667,0.28867513459481287,91.886,86.33333333333334,89.38730000000001,S - Must Sign,Critically acclaimed; High commercial potential; Consensus among critics
54461,575,Matteo Veterinarian Boring Summer Country,Rap,2009,2,223318,4.166666666666667,0.28867513459481287,91.886,86.33333333333334,89.38730000000001,S - Must Sign,Critically acclaimed; High commercial potential; Consensus among critics
95487,16995,Maruti Suzuki Unable,Hard Rock,2009,2,421244,4.166666666666667,0.28867513459481287,91.886,86.33333333333334,89.38730000000001,S - Must Sign,Critically acclaimed; High commercial potential; Consensus among critics
276,8431,Amore Dolor,Latino,2003,4,84426,4.666666666666667,0.28867513459481287,86.136,93.33333333333333,89.3748,S - Must Sign,Critically acclaimed; High commercial potential; Consensus among critics
34914,18621,Weak Traditional Uzbekistan Legs Morbido,Parody,2000,8,696624,4.5,0.0,86.37899999999999,93.0,89.35845,S - Must Sign,Critically acclaimed; High commercial potential; Consensus among critics
96591,17401,Majestic Maria,Pop,2006,6,103896,4.0,0.0,92.05499999999999,86.0,89.33025,S - Must Sign,Critically acclaimed; High commercial potential; Consensus among critics
80636,2963,Popular Of Rock My Asset Engineer Infiniti,Parody,2006,3,73424,3.5,0.0,97.718,79.0,89.29490000000001,S - Must Sign,Solid reviews; High commercial potential; Consensus among critics
67134,31026,You Are the Jeep of My Corason,Latino,2010,2,514772,4.333333333333333,0.28867513459481287,90.323,88.0,89.27765,S - Must Sign,Critically acclaimed; High commercial potential; Consensus among critics
32768,6970,The Wand Annoying Shy,Compilation,2000,4,274137,4.333333333333333,0.28867513459481287,90.2475,88.0,89.23612500000002,S - Must Sign,Critically acclaimed; High commercial potential; Consensus among critics
55416,9594,The Delightful Heroes of Wales Sing Shop Suzuki,Holy Metal,2000,4,623627,4.333333333333333,0.28867513459481287,90.2475,88.0,89.23612500000002,S - Must Sign,Critically acclaimed; High commercial potential; Consensus among critics
54739,27007,Mad Turkey Uzbekistan,Punk,2002,4,531539,3.5,0.0,97.556,79.0,89.20580000000001,S - Must Sign,Solid reviews; High commercial potential; Consensus among critics
23547,27452,Lovers Of Love,Indie,2010,2,606167,4.166666666666667,0.28867513459481287,91.538,86.33333333333334,89.19590000000001,S - Must Sign,Critically acclaimed; High commercial potential; Consensus among critics
58630,4543,Califiornia Sings Psychological A Quiet Drived,J-Rock,2003,4,852527,4.833333333333333,0.28867513459481287,84.42699999999999,95.0,89.18485,S - Must Sign,Critically acclaimed; High commercial potential; Consensus among critics; Proven sales track record
54370,8826,Dutch Embarrassed,Ambient,2001,8,38212,5.0,0.0,80.319,100.0,89.17545000000001,S - Must Sign,Critically acclaimed; High commercial potential; Consensus among critics
2877,41030,Of Love Way,Electro-Pop,2017,4,499986,4.0,0.0,91.769,86.0,89.17295000000001,S - Must Sign,Critically acclaimed; High commercial potential; Consensus among critics
39716,3099,Citroën Pony Of Cabesa,Latino,2005,3,650367,4.166666666666667,0.28867513459481287,91.493,86.33333333333334,89.17115000000001,S - Must Sign,Critically acclaimed; High commercial potential; Consensus among critics
89549,19567,Down into the Obviously,Indie,2001,2,83384,3.8333333333333335,0.2886751345948129,95.846,81.0,89.1653,S - Must Sign,Solid reviews; High commercial potential; Consensus among critics
7631,16921,Serious Indonesian Stews,Brit-Pop,2014,2,113036,4.666666666666667,0.28867513459481287,85.74000000000001,93.33333333333333,89.15700000000001,S - Must Sign,Critically acclaimed; High commercial potential; Consensus among critics
69450,550,Accountant,Trap,2000,4,888545,4.166666666666667,0.28867513459481287,91.4505,86.33333333333334,89.14777500000002,S - Must Sign,Critically acclaimed; High commercial potential; Consensus among critics; Proven sales track record
49361,10068,Mare Eleven Difficult Down,Rap,2000,4,331844,4.166666666666667,0.28867513459481287,91.4505,86.33333333333334,89.14777500000002,S - Must Sign,Critically acclaimed; High commercial potential; Consensus among critics
64612,14340,So Intuitive Dolls Direful Panda,Electro-Pop,2007,6,621446,4.0,0.0,91.712,86.0,89.14160000000001,S - Must Sign,Critically acclaimed; High commercial potential; Consensus among critics
38291,14838,Mental Rat Conscious Stand Miss,Indie,2009,3,172898,4.666666666666667,0.28867513459481287,85.6775,93.33333333333333,89.122625,S - Must Sign,Critically acclaimed; High commercial potential; Consensus among critics
56920,38713,I Ain't No,Progressive,2009,3,771628,4.666666666666667,0.28867513459481287,85.6775,93.33333333333333,89.122625,S - Must Sign,Critically acclaimed; High commercial potential; Consensus among critics
2054,10019,Bangla In the Sky,Unplugged,2009,3,676036,4.666666666666667,0.28867513459481287,85.6775,93.33333333333333,89.122625,S - Must Sign,Critically acclaimed; High commercial potential; Consensus among critics
79909,18158,Bislama Asleep First to Mandarin,Holy Metal,2009,3,920720,4.666666666666667,0.28867513459481287,85.6775,93.33333333333333,89.122625,S - Must Sign,Critically acclaimed; High commercial potential; Consensus among critics; Proven sales track record
38931,30238,The Green Soup,Pop,2004,4,437390,4.666666666666667,0.28867513459481287,85.6375,93.33333333333333,89.10062500000001,S - Must Sign,Critically acclaimed; High commercial potential; Consensus among critics
78454,46519,I Love Your Girl,Boy Band,2004,4,678232,4.666666666666667,0.28867513459481287,85.6375,93.33333333333333,89.10062500000001,S - Must Sign,Critically acclaimed; High commercial potential; Consensus among critics
32099,48110,Bless Pharmacist,Country,2001,8,456605,4.5,0.0,85.847,93.0,89.06585000000001,S - Must Sign,Critically acclaimed; High commercial potential; Consensus among critics
7537,43038,Tata Motors Unlikely Pakistan Wine,Pop,2011,2,332601,4.333333333333333,0.28867513459481287,89.92750000000001,88.0,89.06012500000001,S - Must Sign,Critically acclaimed; High commercial potential; Consensus among critics
23165,28294,My Life La Moglie del I Ain't No Don't Talk to Manager,Pop-Rock,2011,2,748655,4.333333333333333,0.28867513459481287,89.92750000000001,88.0,89.06012500000001,S - Must Sign,Critically acclaimed; High commercial potential; Consensus among critics
79057,47677,Noodles Wonderful Pharmacist Egypt Car,Live,2011,2,387981,4.333333333333333,0.28867513459481287,89.92750000000001,88.0,89.06012500000001,S - Must Sign,Critically acclaimed; High commercial potential; Consensus among critics
12775,24280,Scarce Developer Indonesia Practical,Alternative,2011,2,223153,4.333333333333333,0.28867513459481287,89.92750000000001,88.0,89.06012500000001,S - Must Sign,Critically acclaimed; High commercial potential; Consensus among critics
88409,39005,Javanese,Unplugged,2009,3,626277,3.5,0.0,97.286,79.0,89.05730000000001,S - Must Sign,Solid reviews; High commercial potential; Consensus among critics
2294,2596,Goodbye my Old,Country,2004,4,138771,3.5,0.0,97.2695,79.0,89.048225,S - Must Sign,Solid reviews; High commercial potential; Consensus among critics
98509,17239,Direful Important I'm Engineer Turkish,Heavy Metal,2004,4,535511,3.5,0.0,97.2695,79.0,89.048225,S - Must Sign,Solid reviews; High commercial potential; Consensus among critics
70040,32819,Friendly Arrange Heat Vauxhall French,Hard Rock,2002,2,274896,3.8333333333333335,0.2886751345948129,95.6325,81.0,89.047875,S - Must Sign,Solid reviews; High commercial potential; Consensus among critics
23774,30835,Headless Chicken Hungry,Hard Rock,2002,2,312133,3.8333333333333335,0.2886751345948129,95.6325,81.0,89.047875,S - Must Sign,Solid reviews; High commercial potential; Consensus among critics
37293,29178,To My Beloved Inner Star Eli,Unplugged,2006,3,145675,4.333333333333333,0.28867513459481287,89.893,88.0,89.04115000000002,S - Must Sign,Critically acclaimed; High commercial potential; Consensus among critics
27725,12809,Information My Asset Adjoining Ford,Rock,2015,2,951439,3.5,0.0,97.1375,79.0,88.97562500000001,S - Must Sign,Solid reviews; High commercial potential; Consensus among critics; Proven sales track record
29782,35247,Honor MINI Honda Don't Talk to,Rock,2015,2,442416,3.5,0.0,97.1375,79.0,88.97562500000001,S - Must Sign,Solid reviews; High commercial potential; Consensus among critics
53557,46344,Alan Skoda Believe,Dance,2011,2,52334,4.166666666666667,0.28867513459481287,91.1335,86.33333333333334,88.97342500000002,S - Must Sign,Critically acclaimed; High commercial potential; Consensus among critics
3439,37422,Glossy War,Rock,2011,2,890069,4.166666666666667,0.28867513459481287,91.1335,86.33333333333334,88.97342500000002,S - Must Sign,Critically acclaimed; High commercial potential; Consensus among critics; Proven sales track record
77566,23775,Unhappy,Pop,2000,2,326107,4.5,0.5,88.7605,89.22649730810375,88.97019878864668,S - Must Sign,Critically acclaimed; High commercial potential; Consensus among critics
38368,14035,Cow Terrible,Pop,2000,2,217637,4.5,0.5,88.7605,89.22649730810375,88.97019878864668,S - Must Sign,Critically acclaimed; High commercial potential; Consensus among critics
3620,29683,Yesterday,Western,2005,4,669444,3.5,0.0,97.107,79.0,88.95885000000001,S - Must Sign,Solid reviews; High commercial potential; Consensus among critics
74484,9247,Don't You Spoon Car Steel,Brit-Pop,2000,5,228302,3.5,0.0,97.092,79.0,88.95060000000001,S - Must Sign,Solid reviews; High commercial potential; Consensus among critics
8125,26608,I Gotta Feeling Finnish Lovers Morocco,K-Pop,2006,3,352414,4.166666666666667,0.28867513459481287,91.08800000000001,86.33333333333334,88.94840000000002,S - Must Sign,Critically acclaimed; High commercial potential; Consensus among critics
77872,2531,Catch me Matteo Or Fire,Rap,2013,5,947659,4.0,0.0,91.352,86.0,88.9436,S - Must Sign,Critically acclaimed; High commercial potential; Consensus among critics; Proven sales track record
19651,24343,Minangkabau Minnie Moon Talented Of Death Reasonable,Rap,2003,2,952097,3.8333333333333335,0.2886751345948129,95.409,81.0,88.92495000000001,S - Must Sign,Solid reviews; High commercial potential; Consensus among critics; Proven sales track record
83137,20548,Sheet Of Love Lamacorno Fearsome Paramedic,Pop,2003,2,645029,3.8333333333333335,0.2886751345948129,95.409,81.0,88.92495000000001,S - Must Sign,Solid reviews; High commercial potential; Consensus among critics
74126,41667,Aggressive Indonesia Is as My Loves,Progressive,2003,2,386959,3.8333333333333335,0.2886751345948129,95.409,81.0,88.92495000000001,S - Must Sign,Solid reviews; High commercial potential; Consensus among critics
14776,32710,Magic Does Principale,Live,2008,6,990025,4.0,0.0,91.315,86.0,88.92325,S - Must Sign,Critically acclaimed; High commercial potential; Consensus among critics; Proven sales track record
99121,33090,Financial As Finding Netherlands Of Lover,Rap,2001,4,657310,4.166666666666667,0.28867513459481287,91.039,86.33333333333334,88.92145000000002,S - Must Sign,Critically acclaimed; High commercial potential; Consensus among critics
91739,27036,Goodbye my Old Aggressive Lose Control,Pop,2012,6,778805,5.0,0.0,79.803,100.0,88.89165,S - Must Sign,Critically acclaimed; Consensus among critics
61069,37112,You are My Seafood Secret,Pop,2011,3,952295,3.5,0.0,96.975,79.0,88.88625,S - Must Sign,Solid reviews; High commercial potential; Consensus among critics; Proven sales track record
24854,19232,Elementale Next to,Punk,2000,2,257367,3.6666666666666665,0.2886751345948129,96.6735,79.33333333333333,88.87042500000001,S - Must Sign,Solid reviews; High commercial potential; Consensus among critics
94611,38118,Boys Wipe Make It,Rap,2000,2,94436,3.6666666666666665,0.2886751345948129,96.6735,79.33333333333333,88.87042500000001,S - Must Sign,Solid reviews; High commercial potential; Consensus among critics
59395,29091,Dutch,Live,2007,7,533582,5.0,0.0,79.73599999999999,100.0,88.8548,S - Must Sign,Critically acclaimed; Consensus among critics
15254,24934,The Dolphin I Used To Be,Indie,2012,2,504217,4.333333333333333,0.28867513459481287,89.534,88.0,88.84370000000001,S - Must Sign,Critically acclaimed; High commercial potential; Consensus among critics
5593,39187,Falling Lemon Loves In the Sky,Indie,2012,6,795364,4.5,0.0,85.424,93.0,88.8332,S - Must Sign,Critically acclaimed; High commercial potential; Consensus among critics
74600,5021,Tiny Wine Lover Central,Boy Band,2007,3,818020,4.333333333333333,0.28867513459481287,89.4915,88.0,88.820325,S - Must Sign,Critically acclaimed; High commercial potential; Consensus among critics; Proven sales track record
47570,8683,Don't Forget Me Malaysia,Retro,2007,3,126548,4.333333333333333,0.28867513459481287,89.4915,88.0,88.820325,S - Must Sign,Critically acclaimed; High commercial potential; Consensus among critics
83073,4398,MINI Speed,Ambient,2004,2,272889,3.8333333333333335,0.2886751345948129,95.195,81.0,88.80725000000001,S - Must Sign,Solid reviews; High commercial potential; Consensus among critics
1613,19133,Legalization Miss Johnson Distance,Black Metal,2005,4,926153,4.666666666666667,0.28867513459481287,85.08,93.33333333333333,88.79400000000001,S - Must Sign,Critically acclaimed; High commercial potential; Consensus among critics; Proven sales track record
68552,28672,Driving the,Parody,2012,2,925120,4.166666666666667,0.28867513459481287,90.783,86.33333333333334,88.78065000000001,S - Must Sign,Critically acclaimed; High commercial potential; Consensus among critics; Proven sales track record
27792,19853,Under the Same Starbuck,Compilation,2012,2,20548,4.166666666666667,0.28867513459481287,90.783,86.33333333333334,88.78065000000001,S - Must Sign,Critically acclaimed; High commercial potential; Consensus among critics
19861,23483,Ermine About I Ain't No Mandarin,Punk,2012,2,296358,4.166666666666667,0.28867513459481287,90.783,86.33333333333334,88.78065000000001,S - Must Sign,Critically acclaimed; High commercial potential; Consensus among critics
58228,5645,Forever Good Big For You,Pop,2002,5,497328,3.5,0.0,96.765,79.0,88.77075,S - Must Sign,Solid reviews; High commercial potential; Consensus among critics
65354,42798,Indonesian Arrange Believe Zinc Mad,Punk,2002,8,894924,4.5,0.0,85.31,93.0,88.7705,S - Must Sign,Critically acclaimed; High commercial potential; Consensus among critics; Proven sales track record
77249,32604,Elementale Audi To my Best The,Rock,2000,5,295318,4.666666666666667,0.28867513459481287,85.03399999999999,93.33333333333333,88.7687,S - Must Sign,Critically acclaimed; High commercial potential; Consensus among critics
87903,30251,Sufficient Dreamed Connect Prince Of In the Sky,Pop,2000,5,77204,4.666666666666667,0.28867513459481287,85.03399999999999,93.33333333333333,88.7687,S - Must Sign,Critically acclaimed; High commercial potential; Consensus among critics
8786,21496,Impressive Hungary Chip,Death Metal,2000,5,758721,4.666666666666667,0.28867513459481287,85.03399999999999,93.33333333333333,88.7687,S - Must Sign,Critically acclaimed; High commercial potential; Consensus among critics
40435,26842,Counselor Morbido Forget It,Country,2001,2,241529,3.6666666666666665,0.2886751345948129,96.4775,79.33333333333333,88.76262500000001,S - Must Sign,Solid reviews; High commercial potential; Consensus among critics
30777,31053,No Human Are You My Distinct Of Love,Ambient,2001,2,770342,3.6666666666666665,0.2886751345948129,96.4775,79.33333333333333,88.76262500000001,S - Must Sign,Solid reviews; High commercial potential; Consensus among critics
90548,31658,Huge Of Several Impressive,Live,2007,3,736949,4.166666666666667,0.28867513459481287,90.744,86.33333333333334,88.75920000000002,S - Must Sign,Critically acclaimed; High commercial potential; Consensus among critics
74965,48677,Echo,Ambient,2002,4,673824,4.166666666666667,0.28867513459481287,90.697,86.33333333333334,88.73335000000002,S - Must Sign,Critically acclaimed; High commercial potential; Consensus among critics
48599,36868,Lincoln,Rap,2014,5,433826,4.0,0.0,90.968,86.0,88.73240000000001,S - Must Sign,Critically acclaimed; High commercial potential; Consensus among critics
18826,9511,Don't Talk To Moe Horses,J-Rock,2001,2,750797,4.5,0.5,88.31949999999999,89.22649730810375,88.72764878864669,S - Must Sign,Critically acclaimed; High commercial potential; Consensus among critics
86045,32328,Don't Talk to Powerful Secretary In the Sky,Punk,2001,2,219171,4.5,0.5,88.31949999999999,89.22649730810375,88.72764878864669,S - Must Sign,Critically acclaimed; High commercial potential; Consensus among critics
80123,30039,Finland Engineer The Streets,Trap,2009,6,778225,4.0,0.0,90.9405,86.0,88.717275,S - Must Sign,Critically acclaimed; High commercial potential; Consensus among critics
71551,45392,Elk,Indie,2009,6,895547,4.0,0.0,90.9405,86.0,88.717275,S - Must Sign,Critically acclaimed; High commercial potential; Consensus among critics; Proven sales track record
81659,16263,Elk Joy Talented Lion,Indietronica,2013,3,123963,3.5,0.0,96.611,79.0,88.68605000000001,S - Must Sign,Solid reviews; High commercial potential; Consensus among critics
78703,30413,Of Love My Fluffy Human,Trap,2008,4,434475,3.5,0.0,96.595,79.0,88.67725000000002,S - Must Sign,Solid reviews; High commercial potential; Consensus among critics
81520,21698,So Sad or So Mad As Willing Of Love,Death Metal,2005,2,868593,3.8333333333333335,0.2886751345948129,94.948,81.0,88.6714,S - Must Sign,Solid reviews; High commercial potential; Consensus among critics; Proven sales track record
42576,24774,Eland Bug Abuse Sweden,Indie,2002,2,181954,3.6666666666666665,0.2886751345948129,96.296,79.33333333333333,88.6628,S - Must Sign,Solid reviews; High commercial potential; Consensus among critics
71897,28072,Sweden Stand Pony Miss Bangladesh,Pop-Rock,2000,3,914514,3.8333333333333335,0.2886751345948129,94.92399999999999,81.0,88.6582,S - Must Sign,Solid reviews; High commercial potential; Consensus among critics; Proven sales track record
88144,28706,Detailed,Deep House,2019,2,444218,3.5,0.0,96.43,79.0,88.58650000000002,S - Must Sign,Solid reviews; High commercial potential; Consensus among critics
13745,10187,High Eastern,Indie,2014,3,746789,3.5,0.0,96.414,79.0,88.57770000000001,S - Must Sign,Solid reviews; High commercial potential; Consensus among critics
1387,45225,Find Support Uzbekistan,Rock,2003,4,794020,4.333333333333333,0.28867513459481287,89.0425,88.0,88.573375,S - Must Sign,Critically acclaimed; High commercial potential; Consensus among critics
72751,45385,Way Computer Systems Cute Honored Pencil,Latino,2003,4,927691,4.333333333333333,0.28867513459481287,89.0425,88.0,88.573375,S - Must Sign,Critically acclaimed; High commercial potential; Consensus among critics; Proven sales track record
34625,14418,Lovers Sudden Chameleon Nervous Sister,Trap,2003,2,780607,3.6666666666666665,0.2886751345948129,96.11800000000001,79.33333333333333,88.56490000000001,S - Must Sign,Solid reviews; High commercial potential; Consensus among critics
94610,34318,The Pony Goes,Deep House,2013,2,206518,4.166666666666667,0.28867513459481287,90.387,86.33333333333334,88.56285000000001,S - Must Sign,Critically acclaimed; High commercial potential; Consensus among critics
69991,6769,Lover Visible Lovers,Indietronica,2005,4,823545,4.833333333333333,0.28867513459481287,83.286,95.0,88.5573,S - Must Sign,Critically acclaimed; High commercial potential; Consensus among critics; Proven sales track record
39691,19823,Unicorn Advisor Driving the Inside Out,Pop-Rock,2005,4,46273,4.833333333333333,0.28867513459481287,83.286,95.0,88.5573,S - Must Sign,Critically acclaimed; High commercial potential; Consensus among critics
51789,42863,Miss Johnson Nice Lover Alpaca,Brit-Pop,2005,4,405289,4.833333333333333,0.28867513459481287,83.286,95.0,88.5573,S - Must Sign,Critically acclaimed; High commercial potential; Consensus among critics
79863,49015,Bless Don't Talk to My Old Event Planner Legs,Pop,2005,4,220446,4.833333333333333,0.28867513459481287,83.286,95.0,88.5573,S - Must Sign,Critically acclaimed; High commercial potential; Consensus among critics
4820,30222,Arrange Hear To Death,Trap,2005,4,64883,4.833333333333333,0.28867513459481287,83.286,95.0,88.5573,S - Must Sign,Critically acclaimed; High commercial potential; Consensus among critics
18379,41227,Lexus,Dance,2016,2,63162,4.666666666666667,0.28867513459481287,84.6345,93.33333333333333,88.54897500000001,S - Must Sign,Critically acclaimed; High commercial potential; Consensus among critics
19385,728,Cause Weak Lawyer,Indie,2016,2,851484,4.666666666666667,0.28867513459481287,84.6345,93.33333333333333,88.54897500000001,S - Must Sign,Critically acclaimed; High commercial potential; Consensus among critics; Proven sales track record
94477,5579,Human You're Gonna Goodbye my Old Dentist,Metal,2008,3,430543,4.166666666666667,0.28867513459481287,90.352,86.33333333333334,88.54360000000001,S - Must Sign,Critically acclaimed; High commercial potential; Consensus among critics
99028,27708,About a Lonely Fishrman Goblin,Brit-Pop,2006,2,598775,3.8333333333333335,0.2886751345948129,94.69300000000001,81.0,88.53115000000001,S - Must Sign,Solid reviews; High commercial potential; Consensus among critics
54911,31413,known Tall Scarecharming Speech-Language Pathologist,Jazz,2006,2,140722,3.8333333333333335,0.2886751345948129,94.69300000000001,81.0,88.53115000000001,S - Must Sign,Solid reviews; High commercial potential; Consensus among critics
61012,40042,Down into the Developer,Techno,2006,2,157542,3.8333333333333335,0.2886751345948129,94.69300000000001,81.0,88.53115000000001,S - Must Sign,Solid reviews; High commercial potential; Consensus among critics
55630,49523,Clam The Soprattutto Robbers,Indie,2008,7,508745,5.0,0.0,79.146,100.0,88.53030000000001,S - Must Sign,Critically acclaimed; Consensus among critics
80460,17124,Varni Is Spaghetti Of Death,Heavy Metal,2001,3,148077,3.8333333333333335,0.2886751345948129,94.6665,81.0,88.516575,S - Must Sign,Solid reviews; High commercial potential; Consensus among critics
2916,23044,Arabic Goblin Under Excalibur,Holy Metal,2001,3,697864,3.8333333333333335,0.2886751345948129,94.6665,81.0,88.516575,S - Must Sign,Solid reviews; High commercial potential; Consensus among critics
111,16312,Inside the Riding,Hard Rock,2011,3,305868,4.666666666666667,0.28867513459481287,84.5605,93.33333333333333,88.508275,S - Must Sign,Critically acclaimed; High commercial potential; Consensus among critics
94607,14597,Cute Coach Lizard I'm,Latino,2011,3,772175,4.666666666666667,0.28867513459481287,84.5605,93.33333333333333,88.508275,S - Must Sign,Critically acclaimed; High commercial potential; Consensus among critics
48995,40450,Animals Of Love Stick,Compilation,2002,2,59956,4.5,0.5,87.8635,89.22649730810375,88.47684878864669,S - Must Sign,Critically acclaimed; High commercial potential; Consensus among critics
12144,14178,Matteo Caddilac Marcota Bike,Metal,2002,2,387554,4.5,0.5,87.8635,89.22649730810375,88.47684878864669,S - Must Sign,Critically acclaimed; High commercial potential; Consensus among critics
42615,25517,Assistant Hungry,Progressive,2000,8,84724,4.0,0.0,90.5,86.0,88.47500000000001,S - Must Sign,Critically acclaimed; High commercial potential; Consensus among critics
31050,38040,Calamity Jane,Ambient,2000,6,86521,3.5,0.0,96.192,79.0,88.4556,S - Must Sign,Solid reviews; High commercial potential; Consensus among critics
9103,4679,Legs,Rap,2001,5,153975,4.666666666666667,0.28867513459481287,84.462,93.33333333333333,88.45410000000001,S - Must Sign,Critically acclaimed; High commercial potential; Consensus among critics
89269,20838,Follow,Hard Rock,2014,2,83806,4.333333333333333,0.28867513459481287,88.72449999999999,88.0,88.39847499999999,S - Must Sign,Critically acclaimed; High commercial potential; Consensus among critics
90043,21434,Referee Sword,Dance,2014,2,858920,4.333333333333333,0.28867513459481287,88.72449999999999,88.0,88.39847499999999,S - Must Sign,Critically acclaimed; High commercial potential; Consensus among critics; Proven sales track record
68047,26569,Photographer Four,Pop,2002,3,285639,3.8333333333333335,0.2886751345948129,94.42099999999999,81.0,88.38155,S - Must Sign,Solid reviews; High commercial potential; Consensus among critics
43208,25192,State of Inner Scarce Conscious Arabia,Folk,2009,3,968593,4.333333333333333,0.28867513459481287,88.6755,88.0,88.371525,S - Must Sign,Critically acclaimed; High commercial potential; Consensus among critics; Proven sales track record
17142,42628,Inner Don't Forget Me Brawny,Brit-Pop,2009,3,553056,4.333333333333333,0.28867513459481287,88.6755,88.0,88.371525,S - Must Sign,Critically acclaimed; High commercial potential; Consensus among critics
61670,19292,Chevrolet Bailando Just For Benito,Jazz,2006,5,80049,3.5,0.0,96.00750000000001,79.0,88.35412500000001,S - Must Sign,Solid reviews; High commercial potential; Consensus among critics
56995,33303,I'm So Intuitive,Heavy Metal,2006,5,459997,3.5,0.0,96.00750000000001,79.0,88.35412500000001,S - Must Sign,Solid reviews; High commercial potential; Consensus among critics
53949,25077,Color Familiar Lover Expelli Armus Psychologist,J-Rock,2014,2,663443,4.166666666666667,0.28867513459481287,89.9965,86.33333333333334,88.34807500000001,S - Must Sign,Critically acclaimed; High commercial potential; Consensus among critics
59937,30049,Rock 'n' Roll Loves,Compilation,2014,2,146188,4.166666666666667,0.28867513459481287,89.9965,86.33333333333334,88.34807500000001,S - Must Sign,Critically acclaimed; High commercial potential; Consensus among critics
58081,26976,Bosnia and Herzegovina,Trap,2001,6,344554,3.5,0.0,95.987,79.0,88.34285,S - Must Sign,Solid reviews; High commercial potential; Consensus among critics
87679,18215,Secretive Rare Lucky,Boy Band,2005,2,512787,3.6666666666666665,0.2886751345948129,95.6805,79.33333333333333,88.324275,S - Must Sign,Solid reviews; High commercial potential; Consensus among critics
84384,8305,Poor Fire,Pop-Rock,2005,2,565060,3.6666666666666665,0.2886751345948129,95.6805,79.33333333333333,88.324275,S - Must Sign,Solid reviews; High commercial potential; Consensus among critics
16258,46010,The Dolphin I Used To Be,Indie,2009,3,153672,4.166666666666667,0.28867513459481287,89.952,86.33333333333334,88.32360000000001,S - Must Sign,Critically acclaimed; High commercial potential; Consensus among critics
97140,33232,Direful Tiger Plumber Make It Color,Electro-Pop,2016,5,237457,4.0,0.0,90.20899999999999,86.0,88.31495000000001,S - Must Sign,Critically acclaimed; High commercial potential; Consensus among critics
42195,25952,Computer Systems,Pop,2016,2,797986,4.833333333333333,0.28867513459481287,82.8215,95.0,88.30182500000001,S - Must Sign,Critically acclaimed; High commercial potential; Consensus among critics
97775,29397,Lover Barbie Of Rock,Rock,2016,2,725148,4.833333333333333,0.28867513459481287,82.8215,95.0,88.30182500000001,S - Must Sign,Critically acclaimed; High commercial potential; Consensus among critics
1683,13189,Camel,Pop-Rock,2004,4,608214,4.166666666666667,0.28867513459481287,89.91,86.33333333333334,88.30050000000001,S - Must Sign,Critically acclaimed; High commercial potential; Consensus among critics
5430,44536,Wine Drived Immediate Significant,K-Pop,2011,3,711248,4.833333333333333,0.28867513459481287,82.76,95.0,88.268,S - Must Sign,Critically acclaimed; High commercial potential; Consensus among critics
80234,15802,Bear,Electro-Pop,2001,8,798656,4.0,0.0,90.09700000000001,86.0,88.25335000000001,S - Must Sign,Critically acclaimed; High commercial potential; Consensus among critics
8995,3021,Zinc Flippin' Pony,Parody,2017,2,709667,4.666666666666667,0.28867513459481287,84.086,93.33333333333333,88.2473,S - Must Sign,Critically acclaimed; High commercial potential; Consensus among critics
62756,20762,Bird,Hard Rock,2003,2,528400,4.5,0.5,87.4315,89.22649730810375,88.23924878864669,S - Must Sign,Critically acclaimed; High commercial potential; Consensus among critics
18019,2381,Arabic Gabby Lucky Running Around Like a First to,Retro,2003,2,849228,4.5,0.5,87.4315,89.22649730810375,88.23924878864669,S - Must Sign,Critically acclaimed; High commercial potential; Consensus among critics; Proven sales track record
88281,2745,Bulgarian Niichan is Willing You,J-Rock,2012,3,482667,4.666666666666667,0.28867513459481287,84.0225,93.33333333333333,88.21237500000001,S - Must Sign,Critically acclaimed; High commercial potential; Consensus among critics
47599,19310,In the Sky Ampelmann Firetruck,Rap,2012,3,154031,4.666666666666667,0.28867513459481287,84.0225,93.33333333333333,88.21237500000001,S - Must Sign,Critically acclaimed; High commercial potential; Consensus among critics
88857,21988,Gonna,Live,2001,5,611328,4.833333333333333,0.28867513459481287,82.655,95.0,88.21025,S - Must Sign,Critically acclaimed; High commercial potential; Consensus among critics
68698,22989,Rock Loves In the Sky,Indie,2001,3,439405,3.6666666666666665,0.2886751345948129,95.42,79.33333333333333,88.181,S - Must Sign,Solid reviews; High commercial potential; Consensus among critics
74956,18105,Loves Rare Desserts,K-Pop,2009,7,354832,5.0,0.0,78.486,100.0,88.16730000000001,S - Must Sign,Critically acclaimed; Consensus among critics
85195,9925,Calamity Jane Forget It Wooden Practical,Rap,2015,2,795258,4.333333333333333,0.28867513459481287,88.27199999999999,88.0,88.14959999999999,S - Must Sign,Critically acclaimed; High commercial potential; Consensus among critics
18195,22987,Dangerous Indonesian Honored Rare,Metal,2015,2,790586,4.166666666666667,0.28867513459481287,89.6095,86.33333333333334,88.13522500000002,S - Must Sign,Critically acclaimed; High commercial potential; Consensus among critics
63280,26046,Califiornia,Western,2015,2,224887,4.166666666666667,0.28867513459481287,89.6095,86.33333333333334,88.13522500000002,S - Must Sign,Critically acclaimed; High commercial potential; Consensus among critics
94572,39191,Georgian,Ambient,2018,3,944750,3.5,0.0,95.6005,79.0,88.13027500000001,S - Must Sign,Solid reviews; High commercial potential; Consensus among critics; Proven sales track record
16152,5097,Clam,Unplugged,2018,3,315826,3.5,0.0,95.6005,79.0,88.13027500000001,S - Must Sign,Solid reviews; High commercial potential; Consensus among critics
96266,15510,Hands Morbido Dolphins,K-Pop,2010,3,804852,4.333333333333333,0.28867513459481287,88.2225,88.0,88.122375,S - Must Sign,Critically acclaimed; High commercial potential; Consensus among critics; Proven sales track record
65992,36846,Brown Magical Dangerous,Rap,2010,3,51721,4.333333333333333,0.28867513459481287,88.2225,88.0,88.122375,S - Must Sign,Critically acclaimed; High commercial potential; Consensus among critics
60044,16630,Matter The Lizard Yesterday Mathematician,Pop,2013,4,764925,3.5,0.0,95.5745,79.0,88.115975,S - Must Sign,Solid reviews; High commercial potential; Consensus among critics
10077,40004,Better Off Pure Spain Annoying,Electro-Pop,2013,4,2756,3.5,0.0,95.5745,79.0,88.115975,S - Must Sign,Solid reviews; High commercial potential; Consensus among critics
45520,18676,Hungry Lucky,Latino,2017,5,661500,4.0,0.0,89.824,86.0,88.10320000000002,S - Must Sign,Critically acclaimed; High commercial potential; Consensus among critics
58245,44012,Need Luxermbourgish,J-Rock,2008,5,102165,3.5,0.0,95.54599999999999,79.0,88.1003,S - Must Sign,Solid reviews; High commercial potential; Consensus among critics
59912,14582,Sexual Summer From Happyness,Punk,2005,4,604971,4.166666666666667,0.28867513459481287,89.517,86.33333333333334,88.08435,S - Must Sign,Critically acclaimed; High commercial potential; Consensus among critics
25520,15471,Inside My,Rock,2007,2,284081,3.6666666666666665,0.2886751345948129,95.23899999999999,79.33333333333333,88.08144999999999,S - Must Sign,Solid reviews; High commercial potential; Consensus among critics
23204,32939,Girls,Boy Band,2004,3,688132,3.8333333333333335,0.2886751345948129,93.8675,81.0,88.07712500000001,S - Must Sign,Solid reviews; High commercial potential; Consensus among critics
26678,34482,I'll Guttural,Alternative,2004,3,411981,3.8333333333333335,0.2886751345948129,93.8675,81.0,88.07712500000001,S - Must Sign,Solid reviews; High commercial potential; Consensus among critics
95345,47228,Eland Careful Creator,Trap,2000,5,644648,4.166666666666667,0.28867513459481287,89.48049999999999,86.33333333333334,88.06427500000001,S - Must Sign,Critically acclaimed; High commercial potential; Consensus among critics
91002,42354,Colouring Aggressive,Indie,2000,5,969034,4.166666666666667,0.28867513459481287,89.48049999999999,86.33333333333334,88.06427500000001,S - Must Sign,Critically acclaimed; High commercial potential; Consensus among critics; Proven sales track record
27224,4997,No Pantalones,Holy Metal,2007,7,913621,4.0,0.0,89.751,86.0,88.06305,S - Must Sign,Critically acclaimed; High commercial potential; Consensus among critics; Proven sales track record
97614,12606,My Asset Garden Flippin,Black Metal,2019,3,896707,3.5,0.0,95.3815,79.0,88.009825,S - Must Sign,Solid reviews; High commercial potential; Consensus among critics; Proven sales track record
81313,21345,Dramatic Miss In the Sky,K-Pop,2019,3,361260,3.5,0.0,95.3815,79.0,88.009825,S - Must Sign,Solid reviews; High commercial potential; Consensus among critics
18152,24443,Netherlands My Fluffy Nissan,Pop,2004,2,326860,4.5,0.5,86.968,89.22649730810375,87.98432378864669,S - Must Sign,Critically acclaimed; High commercial potential; Consensus among critics
36238,32883,Polish,K-Pop,2004,6,574149,3.5,0.0,95.325,79.0,87.97875000000002,S - Must Sign,Solid reviews; High commercial potential; Consensus among critics
3470,681,School Psychologist Sorry,Western,2017,2,278838,4.833333333333333,0.28867513459481287,82.188,95.0,87.9534,S - Must Sign,Critically acclaimed; High commercial potential; Consensus among critics
66664,41173,Elegant As,Indie,2017,2,863198,4.833333333333333,0.28867513459481287,82.188,95.0,87.9534,S - Must Sign,Critically acclaimed; High commercial potential; Consensus among critics; Proven sales track record
28534,7938,Dodge Conscious,Deep House,2017,2,843891,4.833333333333333,0.28867513459481287,82.188,95.0,87.9534,S - Must Sign,Critically acclaimed; High commercial potential; Consensus among critics; Proven sales track record
94337,37992,China About Spine,Pop,2012,3,421402,4.833333333333333,0.28867513459481287,82.12,95.0,87.916,S - Must Sign,Critically acclaimed; High commercial potential; Consensus among critics
12457,13261,Gonna Medical,K-Pop,2016,2,613312,4.166666666666667,0.28867513459481287,89.199,86.33333333333334,87.90945000000002,S - Must Sign,Critically acclaimed; High commercial potential; Consensus among critics
20665,844,Girls,Rap,2000,4,331510,3.8333333333333335,0.2886751345948129,93.55,81.0,87.9025,S - Must Sign,Solid reviews; High commercial potential; Consensus among critics
20585,38126,Don't Talk To Moe Horses,J-Rock,2016,2,723606,4.333333333333333,0.28867513459481287,87.8215,88.0,87.901825,S - Must Sign,Critically acclaimed; High commercial potential; Consensus among critics
68852,30948,Hot Glossy Listen Afraid Public Relations Specialist,Gospel,2016,2,478261,4.333333333333333,0.28867513459481287,87.8215,88.0,87.901825,S - Must Sign,Critically acclaimed; High commercial potential; Consensus among critics
12731,33856,Editor Basic Detailed,Black Metal,2010,7,153784,4.5,0.0,83.722,93.0,87.8971,S - Must Sign,Critically acclaimed; High commercial potential; Consensus among critics
67400,41491,Mind Big My Worst Inside Out,Dance,2007,4,56393,4.833333333333333,0.28867513459481287,82.0785,95.0,87.89317500000001,S - Must Sign,Critically acclaimed; High commercial potential; Consensus among critics
60976,30238,Bat Of Love Careful Mitsubishi,Pop,2007,4,854085,4.833333333333333,0.28867513459481287,82.0785,95.0,87.89317500000001,S - Must Sign,Critically acclaimed; High commercial potential; Consensus among critics; Proven sales track record
55323,41439,Several Dodge Civil,Jazz,2007,4,219757,4.833333333333333,0.28867513459481287,82.0785,95.0,87.89317500000001,S - Must Sign,Critically acclaimed; High commercial potential; Consensus among critics
7426,43462,Assistant Boring Lincoln Global,Deep House,2007,4,918346,4.833333333333333,0.28867513459481287,82.0785,95.0,87.89317500000001,S - Must Sign,Critically acclaimed; High commercial potential; Consensus among critics; Proven sales track record
79927,6199,Fish Gazelle God Save Jeep I used to,Retro,2018,5,823420,4.0,0.0,89.412,86.0,87.87660000000001,S - Must Sign,Critically acclaimed; High commercial potential; Consensus among critics; Proven sales track record
16151,43556,Ride,Parody,2015,4,187884,3.5,0.0,95.126,79.0,87.86930000000001,S - Must Sign,Solid reviews; High commercial potential; Consensus among critics
67729,16818,The Greatest Hits Turkish Pizza,Rap,2005,8,820109,4.5,0.0,83.665,93.0,87.86575,S - Must Sign,Critically acclaimed; High commercial potential; Consensus among critics; Proven sales track record
90473,10797,Porcupine,Pop-Rock,2006,4,426712,4.166666666666667,0.28867513459481287,89.119,86.33333333333334,87.86545000000001,S - Must Sign,Critically acclaimed; High commercial potential; Consensus among critics
37847,45238,Recent Obvious Large,Indietronica,2002,5,697058,4.833333333333333,0.28867513459481287,82.023,95.0,87.86265,S - Must Sign,Critically acclaimed; High commercial potential; Consensus among critics
14841,30990,Bangladesh Next to Mongolian Sick,Live,2008,4,387895,4.666666666666667,0.28867513459481287,83.381,93.33333333333333,87.85955000000001,S - Must Sign,Critically acclaimed; High commercial potential; Consensus among critics
58225,3296,Bug Crying for the Arabic,Hard Rock,2006,4,426210,4.333333333333333,0.28867513459481287,87.725,88.0,87.84875,S - Must Sign,Critically acclaimed; High commercial potential; Consensus among critics
13615,49682,Magical They Were,Country,2001,5,817070,4.166666666666667,0.28867513459481287,89.069,86.33333333333334,87.83795,S - Must Sign,Critically acclaimed; High commercial potential; Consensus among critics; Proven sales track record
49238,3452,Various My Asset Wine Falling At,Latino,2000,9,932924,4.5,0.0,83.6,93.0,87.83000000000001,S - Must Sign,Critically acclaimed; High commercial potential; Consensus among critics; Proven sales track record
34289,40024,Human Arrange Raccoon Event Planner,Heavy Metal,2003,5,724239,4.666666666666667,0.28867513459481287,83.32300000000001,93.33333333333333,87.82765,S - Must Sign,Critically acclaimed; High commercial potential; Consensus among critics
14207,20355,Pure Never Forget the Persian Terrible Seat,Heavy Metal,2001,5,262944,4.333333333333333,0.28867513459481287,87.685,88.0,87.82675,S - Must Sign,Critically acclaimed; High commercial potential; Consensus among critics
54427,5457,Stick Kicked Jerboa Strict Towering,Blues,2000,2,23848,4.0,0.5,92.362,82.22649730810375,87.80102378864669,S - Must Sign,Critically acclaimed; High commercial potential; Consensus among critics
64106,12138,Stand,Holy Metal,2000,2,96997,4.0,0.5,92.362,82.22649730810375,87.80102378864669,S - Must Sign,Critically acclaimed; High commercial potential; Consensus among critics
9071,535,Pony You Ugly Green,Indie,2000,2,125130,4.0,0.5,92.362,82.22649730810375,87.80102378864669,S - Must Sign,Critically acclaimed; High commercial potential; Consensus among critics
23702,1246,That Zeus Dance Move,Pop,2009,2,507823,3.6666666666666665,0.2886751345948129,94.72749999999999,79.33333333333333,87.800125,S - Must Sign,Solid reviews; High commercial potential; Consensus among critics
22423,39183,Balance Electrician Bison Of,Death Metal,2009,2,789349,3.6666666666666665,0.2886751345948129,94.72749999999999,79.33333333333333,87.800125,S - Must Sign,Solid reviews; High commercial potential; Consensus among critics
1851,7933,Cultural Alpaca,Death Metal,2004,3,350311,3.6666666666666665,0.2886751345948129,94.71000000000001,79.33333333333333,87.79050000000001,S - Must Sign,Solid reviews; High commercial potential; Consensus among critics
63170,12124,Under the You Look Like Dacia Bertie-Face,Compilation,2006,3,35348,3.8333333333333335,0.2886751345948129,93.283,81.0,87.75565,S - Must Sign,Solid reviews; High commercial potential; Consensus among critics
50231,36832,Made in,Unplugged,2006,3,741765,3.8333333333333335,0.2886751345948129,93.283,81.0,87.75565,S - Must Sign,Solid reviews; High commercial potential; Consensus among critics
57440,47571,Sheep Lovers Unlikely Like Spaghetti Elephant,Latino,2006,3,909950,3.8333333333333335,0.2886751345948129,93.283,81.0,87.75565,S - Must Sign,Solid reviews; High commercial potential; Consensus among critics; Proven sales track record
30727,11577,Smart Dancer,J-Rock,2001,4,359240,3.8333333333333335,0.2886751345948129,93.235,81.0,87.72925000000001,S - Must Sign,Solid reviews; High commercial potential; Consensus among critics
97339,6089,Raccoon Massive Like Spoon,Folk,2001,4,686394,3.8333333333333335,0.2886751345948129,93.235,81.0,87.72925000000001,S - Must Sign,Solid reviews; High commercial potential; Consensus among critics
31763,3545,Expelli Armus Mouse Discovery,Gospel,2001,4,879225,3.8333333333333335,0.2886751345948129,93.235,81.0,87.72925000000001,S - Must Sign,Solid reviews; High commercial potential; Consensus among critics; Proven sales track record
95968,34308,Exciting Doggies,Holy Metal,2011,5,392707,3.5,0.0,94.863,79.0,87.72465000000001,S - Must Sign,Solid reviews; High commercial potential; Consensus among critics
74642,28624,Additional Zelda Deficency,Punk,2005,2,372505,4.5,0.5,86.4845,89.22649730810375,87.71839878864668,S - Must Sign,Critically acclaimed; High commercial potential; Consensus among critics
68470,33963,Noodles Moves In the Sky Ultra-Maximus,Indie,2005,2,185720,4.5,0.5,86.4845,89.22649730810375,87.71839878864668,S - Must Sign,Critically acclaimed; High commercial potential; Consensus among critics
46989,35644,Soprattutto I'm Gonna Alleged Are,Ambient,2006,6,70181,3.5,0.0,94.8395,79.0,87.711725,S - Must Sign,Solid reviews; High commercial potential; Consensus among critics
34219,40477,Strike Like My Baddest Wife,Rock,2006,6,963729,3.5,0.0,94.8395,79.0,87.711725,S - Must Sign,Solid reviews; High commercial potential; Consensus among critics; Proven sales track record
83069,35794,Brown Morocco Unfair,Punk,2000,3,797293,4.5,0.5,86.4305,89.22649730810375,87.68869878864669,S - Must Sign,Critically acclaimed; High commercial potential; Consensus among critics
21428,36530,Muddy Mathematician Of Love Lucky Playing,Pop,2000,3,39764,4.5,0.5,86.4305,89.22649730810375,87.68869878864669,S - Must Sign,Critically acclaimed; High commercial potential; Consensus among critics
70217,45975,Just Wanna Have Narges,Death Metal,2010,2,295896,3.6666666666666665,0.2886751345948129,94.49650000000001,79.33333333333333,87.67307500000001,S - Must Sign,Solid reviews; High commercial potential; Consensus among critics
26200,24614,Big Plumber Dark Reforge,Punk,2010,2,940397,3.6666666666666665,0.2886751345948129,94.49650000000001,79.33333333333333,87.67307500000001,S - Must Sign,Solid reviews; High commercial potential; Consensus among critics; Proven sales track record
51071,35228,Of Love,Latino,2017,2,991909,4.333333333333333,0.28867513459481287,87.3935,88.0,87.666425,S - Must Sign,Critically acclaimed; High commercial potential; Consensus among critics; Proven sales track record
76391,42213,Don't Look Forward in Anger but in Rage,Western,2017,2,940548,4.333333333333333,0.28867513459481287,87.3935,88.0,87.666425,S - Must Sign,Critically acclaimed; High commercial potential; Consensus among critics; Proven sales track record
69517,41470,Noodles Guttural Medalion Eleven South Levantine,Folk,2005,3,507598,3.6666666666666665,0.2886751345948129,94.477,79.33333333333333,87.66235,S - Must Sign,Solid reviews; High commercial potential; Consensus among critics
69057,27388,Decent Better Off Four Miss Of,Punk,2012,3,86348,4.166666666666667,0.28867513459481287,88.74600000000001,86.33333333333334,87.66030000000002,S - Must Sign,Critically acclaimed; High commercial potential; Consensus among critics
48123,23106,Boys Bislama Miss Chemist Iran,Compilation,2019,5,139920,4.0,0.0,89.00099999999999,86.0,87.65055000000001,S - Must Sign,Critically acclaimed; High commercial potential; Consensus among critics
9460,15817,Panther I think Respiratory Therapist Turkmenistan Technical,Dance,2000,4,526299,3.6666666666666665,0.2886751345948129,94.446,79.33333333333333,87.64529999999999,S - Must Sign,Solid reviews; High commercial potential; Consensus among critics
81116,9631,Tiger Angry Urban Planner I think,Techno,2012,3,435139,4.333333333333333,0.28867513459481287,87.344,88.0,87.6392,S - Must Sign,Critically acclaimed; High commercial potential; Consensus among critics
75319,5827,Paramedic Sudden Sick Logical Significant,Holy Metal,2000,2,98033,4.333333333333333,0.5773502691896258,88.4345,86.66666666666666,87.638975,S - Must Sign,Critically acclaimed; High commercial potential
85648,49726,Mercedes Car,Electro-Pop,2000,2,260600,4.333333333333333,0.5773502691896258,88.4345,86.66666666666666,87.638975,S - Must Sign,Critically acclaimed; High commercial potential
72221,6073,Dark Turquoise,Indietronica,2018,2,572650,4.833333333333333,0.28867513459481287,81.613,95.0,87.63715,S - Must Sign,Critically acclaimed; High commercial potential; Consensus among critics
13779,46735,Of Georgian Middle School Teacher Massive Driver,Rock,2018,2,803721,4.833333333333333,0.28867513459481287,81.613,95.0,87.63715,S - Must Sign,Critically acclaimed; High commercial potential; Consensus among critics; Proven sales track record
34656,8804,Present Traditional Sandwiches,Parody,2018,2,61764,4.833333333333333,0.28867513459481287,81.613,95.0,87.63715,S - Must Sign,Critically acclaimed; High commercial potential; Consensus among critics
53713,3237,Complete,Dance,2014,6,626822,4.0,0.0,88.971,86.0,87.63405,S - Must Sign,Critically acclaimed; High commercial potential; Consensus among critics
71032,3339, Toyota Mind Music The Greater,K-Pop,2001,2,117215,4.0,0.5,92.0415,82.22649730810375,87.62474878864668,S - Must Sign,Critically acclaimed; High commercial potential; Consensus among critics
83213,19521,Sgarbi Capra,Pop,2001,2,950881,4.0,0.5,92.0415,82.22649730810375,87.62474878864668,S - Must Sign,Critically acclaimed; High commercial potential; Consensus among critics; Proven sales track record
81299,38890,Squirrel American Boy Miami Dream Fitness Trainer Daimler,Brit-Pop,2007,4,865015,4.333333333333333,0.28867513459481287,87.306,88.0,87.6183,S - Must Sign,Critically acclaimed; High commercial potential; Consensus among critics; Proven sales track record
109,12290,Sword My Spread Asleep Under the,Trap,2013,3,176860,4.833333333333333,0.28867513459481287,81.547,95.0,87.60085000000001,S - Must Sign,Critically acclaimed; High commercial potential; Consensus among critics
91220,562,Forget It Manager Mongolia Nervous Make it,Unplugged,2002,5,607110,4.333333333333333,0.28867513459481287,87.259,88.0,87.59245000000001,S - Must Sign,Critically acclaimed; High commercial potential; Consensus among critics
87746,35010,Old Mad Annoying Listen Informal,Compilation,2012,2,65077,3.8333333333333335,0.2886751345948129,92.976,81.0,87.58680000000001,S - Must Sign,Solid reviews; High commercial potential; Consensus among critics
40520,5216,Speech-Language Pathologist My BMW,Punk,2007,3,710180,3.8333333333333335,0.2886751345948129,92.95400000000001,81.0,87.5747,S - Must Sign,Solid reviews; High commercial potential; Consensus among critics
27372,45582,Belligerent I'm Da Real Miss Hysterical,Western,2008,4,537898,4.833333333333333,0.28867513459481287,81.4815,95.0,87.564825,S - Must Sign,Critically acclaimed; High commercial potential; Consensus among critics
50223,25287,Fiat Next to Animals,Folk,2008,4,79996,4.833333333333333,0.28867513459481287,81.4815,95.0,87.564825,S - Must Sign,Critically acclaimed; High commercial potential; Consensus among critics
44154,35505,Bat Woodchuck,Lounge,2011,7,661582,4.5,0.0,83.099,93.0,87.55445,S - Must Sign,Critically acclaimed; High commercial potential; Consensus among critics
97354,6602,First Yesterday To Pure Indian,Punk,2009,4,114581,4.666666666666667,0.28867513459481287,82.7965,93.33333333333333,87.53807499999999,S - Must Sign,Critically acclaimed; High commercial potential; Consensus among critics
94526,22443,Of Love Administrative Plumber,Punk,2009,4,139019,4.666666666666667,0.28867513459481287,82.7965,93.33333333333333,87.53807499999999,S - Must Sign,Critically acclaimed; High commercial potential; Consensus among critics
42533,29761,Chichen Butter,Lounge,2003,5,502371,4.833333333333333,0.28867513459481287,81.42099999999999,95.0,87.53155000000001,S - Must Sign,Critically acclaimed; High commercial potential; Consensus among critics
44906,36849,Good,Retro,2011,2,807983,3.6666666666666665,0.2886751345948129,94.2165,79.33333333333333,87.519075,S - Must Sign,Solid reviews; High commercial potential; Consensus among critics; Proven sales track record
37051,9933,Preschool Teacher Gentle Lamb  cuddly Desperate,Ambient,2011,2,750289,3.6666666666666665,0.2886751345948129,94.2165,79.33333333333333,87.519075,S - Must Sign,Solid reviews; High commercial potential; Consensus among critics
57141,4967,Chocolate Sound Repeat,Rock,2004,5,884311,4.666666666666667,0.28867513459481287,82.746,93.33333333333333,87.5103,S - Must Sign,Critically acclaimed; High commercial potential; Consensus among critics; Proven sales track record
17481,35768,Deep Down the Odd Magenta Agent Mix,Indie,2006,3,286753,3.6666666666666665,0.2886751345948129,94.1855,79.33333333333333,87.502025,S - Must Sign,Solid reviews; High commercial potential; Consensus among critics
20826,27808,Toe Parakeet Shock Inconcepibile Come On,Punk,2006,3,746117,3.6666666666666665,0.2886751345948129,94.1855,79.33333333333333,87.502025,S - Must Sign,Solid reviews; High commercial potential; Consensus among critics
55357,27379,Wine Financial,Death Metal,2001,4,119168,3.6666666666666665,0.2886751345948129,94.1615,79.33333333333333,87.48882499999999,S - Must Sign,Solid reviews; High commercial potential; Consensus among critics
5492,48213,Eastern,Indie,2001,4,658400,3.6666666666666665,0.2886751345948129,94.1615,79.33333333333333,87.48882499999999,S - Must Sign,Solid reviews; High commercial potential; Consensus among critics
97572,12981,My Asset Arm My Life Car,Pop-Rock,2001,4,187444,3.6666666666666665,0.2886751345948129,94.1615,79.33333333333333,87.48882499999999,S - Must Sign,Solid reviews; High commercial potential; Consensus among critics
92912,41501,Is Light Good Or Not,Rap,2001,4,742895,3.6666666666666665,0.2886751345948129,94.1615,79.33333333333333,87.48882499999999,S - Must Sign,Solid reviews; High commercial potential; Consensus among critics
10122,12511,Indonesia,Black Metal,2018,2,635035,4.166666666666667,0.28867513459481287,88.3545,86.33333333333334,87.44497500000001,S - Must Sign,Critically acclaimed; High commercial potential; Consensus among critics
97962,27476,Existing Make It Standard Leopard Mine,Pop,2018,2,351858,4.166666666666667,0.28867513459481287,88.3545,86.33333333333334,87.44497500000001,S - Must Sign,Critically acclaimed; High commercial potential; Consensus among critics
4667,45624,Falling Lemon Loves In the Sky,Indie,2000,2,314071,4.666666666666667,0.5773502691896258,85.351,90.0,87.44305,S - Must Sign,Critically acclaimed; High commercial potential
94840,39633,Guitar Albanian,Western,2002,2,980626,4.0,0.5,91.7065,82.22649730810375,87.44049878864669,S - Must Sign,Critically acclaimed; High commercial potential; Consensus among critics; Proven sales track record
91498,38480,Stick Administrator Significant,Rap,2002,2,71544,4.0,0.5,91.7065,82.22649730810375,87.44049878864669,S - Must Sign,Critically acclaimed; High commercial potential; Consensus among critics
56238,19181,Conscious United,Latino,2016,6,664097,5.0,0.0,77.156,100.0,87.4358,S - Must Sign,Critically acclaimed; Consensus among critics
39,25153,Latter Finding,Heavy Metal,2006,2,902314,4.5,0.5,85.953,89.22649730810375,87.42607378864669,S - Must Sign,Critically acclaimed; High commercial potential; Consensus among critics; Proven sales track record
6092,12082,History My Old Actual Terrible Hijazi,Indietronica,2003,7,600295,3.5,0.0,94.318,79.0,87.42490000000001,S - Must Sign,Solid reviews; High commercial potential; Consensus among critics
57303,19347,Penniless Every,Progressive,2013,3,762090,4.166666666666667,0.28867513459481287,88.31099999999999,86.33333333333334,87.42105000000001,S - Must Sign,Critically acclaimed; High commercial potential; Consensus among critics
67153,18187,School Psychologist Balance Poor Unhappy,Rock,2018,2,589675,4.333333333333333,0.28867513459481287,86.94,88.0,87.417,S - Must Sign,Critically acclaimed; High commercial potential; Consensus among critics
12188,24397,Gatto Dark Red Happy Magical,Rock,2008,4,59066,4.166666666666667,0.28867513459481287,88.253,86.33333333333334,87.38915000000001,S - Must Sign,Critically acclaimed; High commercial potential; Consensus among critics
48907,44319,Conscious Honor Squirrels Poor,Blues,2001,2,495584,4.333333333333333,0.5773502691896258,87.979,86.66666666666666,87.38845,S - Must Sign,Critically acclaimed; High commercial potential
99828,27803,I'm still Embarrassed Cuddly Psychological Jinyu,Parody,2001,2,552574,4.333333333333333,0.5773502691896258,87.979,86.66666666666666,87.38845,S - Must Sign,Critically acclaimed; High commercial potential
44430,42673,Traditional Sunshine,Punk,2001,2,442619,4.333333333333333,0.5773502691896258,87.979,86.66666666666666,87.38845,S - Must Sign,Critically acclaimed; High commercial potential
22221,36638,Southern,J-Rock,2013,3,858363,4.333333333333333,0.28867513459481287,86.8815,88.0,87.384825,S - Must Sign,Critically acclaimed; High commercial potential; Consensus among critics; Proven sales track record
14865,11331,Goodbye my Old Hear,Folk,2013,3,420792,4.333333333333333,0.28867513459481287,86.8815,88.0,87.384825,S - Must Sign,Critically acclaimed; High commercial potential; Consensus among critics
29245,7511,Of Love Significant Sadness  Toyota,Latino,2008,3,92971,3.8333333333333335,0.2886751345948129,92.60549999999999,81.0,87.383025,S - Must Sign,Solid reviews; High commercial potential; Consensus among critics
58863,39843,Miss Johnson Recent Guttural The Delightful Heroes of Wales Camel,Gospel,2008,3,876458,3.8333333333333335,0.2886751345948129,92.60549999999999,81.0,87.383025,S - Must Sign,Solid reviews; High commercial potential; Consensus among critics; Proven sales track record
66643,2148,Computer Systems Morgan,Heavy Metal,2012,2,212646,3.6666666666666665,0.2886751345948129,93.9385,79.33333333333333,87.366175,S - Must Sign,Solid reviews; High commercial potential; Consensus among critics
89421,11858,Suspend Panther Exciting Mandarin Strict,Indie,2012,2,729401,3.6666666666666665,0.2886751345948129,93.9385,79.33333333333333,87.366175,S - Must Sign,Solid reviews; High commercial potential; Consensus among critics
55854,19270,Fighting Love With Ugly Dental Hygienist,Holy Metal,2012,2,445151,3.6666666666666665,0.2886751345948129,93.9385,79.33333333333333,87.366175,S - Must Sign,Solid reviews; High commercial potential; Consensus among critics
49746,7704,Driving the Psychological Shame,Latino,2012,2,791087,3.6666666666666665,0.2886751345948129,93.9385,79.33333333333333,87.366175,S - Must Sign,Solid reviews; High commercial potential; Consensus among critics
42877,49219,Trick In the Sky Sin,Parody,2003,5,180527,4.166666666666667,0.28867513459481287,88.2025,86.33333333333334,87.36137500000001,S - Must Sign,Critically acclaimed; High commercial potential; Consensus among critics
40053,37745,Would You Shy Fireman Toad,Jazz,2003,5,564541,4.166666666666667,0.28867513459481287,88.2025,86.33333333333334,87.36137500000001,S - Must Sign,Critically acclaimed; High commercial potential; Consensus among critics
38409,42210,Move Like a,Pop-Rock,2008,4,295688,4.333333333333333,0.28867513459481287,86.834,88.0,87.3587,S - Must Sign,Critically acclaimed; High commercial potential; Consensus among critics
86839,49233,Expensive Pakistan,Punk,2008,4,896036,4.333333333333333,0.28867513459481287,86.834,88.0,87.3587,S - Must Sign,Critically acclaimed; High commercial potential; Consensus among critics; Proven sales track record
65995,28382,Lucky Secretary Moroccan In the Sky,Lounge,2008,4,10560,4.333333333333333,0.28867513459481287,86.834,88.0,87.3587,S - Must Sign,Critically acclaimed; High commercial potential; Consensus among critics
33290,35600,Entertaining Alleged Carpet Chef Scarecharming,K-Pop,2007,3,86821,3.6666666666666665,0.2886751345948129,93.91199999999999,79.33333333333333,87.35159999999999,S - Must Sign,Solid reviews; High commercial potential; Consensus among critics
35604,11197,Sweden Future Vanuatu,Techno,2001,9,891699,5.0,0.0,76.961,100.0,87.32855,S - Must Sign,Critically acclaimed; Consensus among critics; Proven sales track record
46385,7883,Of Death Unhappy Potwari Upset,Indie,2014,3,925729,4.833333333333333,0.28867513459481287,80.9285,95.0,87.260675,S - Must Sign,Critically acclaimed; High commercial potential; Consensus among critics; Proven sales track record
26494,26749,Driving the Reforge Tiny,Jazz,2014,3,919776,4.833333333333333,0.28867513459481287,80.9285,95.0,87.260675,S - Must Sign,Critically acclaimed; High commercial potential; Consensus among critics; Proven sales track record
16930,8856,In the Sky Police Officer Balance So Long my,Jazz,2014,2,908653,3.8333333333333335,0.2886751345948129,92.337,81.0,87.23535000000001,S - Must Sign,Solid reviews; High commercial potential; Consensus among critics; Proven sales track record
42619,40997,Girls Aboriginal Running Around Like a Headless Chicken Gatto The Delightful Heroes of Wales,Progressive,2009,4,637062,4.833333333333333,0.28867513459481287,80.87,95.0,87.2285,S - Must Sign,Critically acclaimed; High commercial potential; Consensus among critics
55144,21438,Sweden,Gospel,2015,3,966786,4.666666666666667,0.28867513459481287,82.2315,93.33333333333333,87.22732500000001,S - Must Sign,Critically acclaimed; High commercial potential; Consensus among critics; Proven sales track record
67154,26210,Every Competitive Of Lover Pleasant,Rock,2015,3,73628,4.666666666666667,0.28867513459481287,82.2315,93.33333333333333,87.22732500000001,S - Must Sign,Critically acclaimed; High commercial potential; Consensus among critics
82528,30902,Mare Penniless,Alternative,2003,2,950949,4.0,0.5,91.3055,82.22649730810375,87.21994878864669,S - Must Sign,Critically acclaimed; High commercial potential; Consensus among critics; Proven sales track record
25777,29330,Moroccan Terrible Spain Of Fear,J-Rock,2003,2,290471,4.0,0.5,91.3055,82.22649730810375,87.21994878864669,S - Must Sign,Critically acclaimed; High commercial potential; Consensus among critics
86669,27534,Four Pure Of Love,Punk,2003,2,315742,4.0,0.5,91.3055,82.22649730810375,87.21994878864669,S - Must Sign,Critically acclaimed; High commercial potential; Consensus among critics
18579,10827,My Best Bailando Vauxhall,Indie,2003,2,749292,4.0,0.5,91.3055,82.22649730810375,87.21994878864669,S - Must Sign,Critically acclaimed; High commercial potential; Consensus among critics
55656,24597,Bless,Indie,2013,2,620871,3.6666666666666665,0.2886751345948129,93.66600000000001,79.33333333333333,87.2163,S - Must Sign,Solid reviews; High commercial potential; Consensus among critics
2517,3199,Suspicious Hare Global,Hard Rock,2013,2,883500,3.6666666666666665,0.2886751345948129,93.66600000000001,79.33333333333333,87.2163,S - Must Sign,Solid reviews; High commercial potential; Consensus among critics; Proven sales track record
77576,18388,Indonesian Dragon Sheep,Indie,2013,2,501203,3.6666666666666665,0.2886751345948129,93.66600000000001,79.33333333333333,87.2163,S - Must Sign,Solid reviews; High commercial potential; Consensus among critics
86959,10185,Fish Stereotyped,Latino,2008,3,478848,3.6666666666666665,0.2886751345948129,93.635,79.33333333333333,87.19925,S - Must Sign,Solid reviews; High commercial potential; Consensus among critics
63053,39431,TOP,Rap,2019,2,39801,4.166666666666667,0.28867513459481287,87.899,86.33333333333334,87.19445000000002,S - Must Sign,Critically acclaimed; High commercial potential; Consensus among critics
73965,49720,Editor Magyar Hungarian Critical Miami Dream Information,Folk,2010,4,767837,4.666666666666667,0.28867513459481287,82.16,93.33333333333333,87.188,S - Must Sign,Critically acclaimed; High commercial potential; Consensus among critics
56830,37675,Of Destiny,Heavy Metal,2003,4,3181,3.6666666666666665,0.2886751345948129,93.601,79.33333333333333,87.18055,S - Must Sign,Solid reviews; High commercial potential; Consensus among critics
95493,1555,Call me Cat Moneyless That Doggies,Folk,2005,5,446370,4.666666666666667,0.28867513459481287,82.106,93.33333333333333,87.1583,S - Must Sign,Critically acclaimed; High commercial potential; Consensus among critics
77792,49310,Stealing your Lamb Just For Fun,Metal,2016,6,136322,4.0,0.0,88.1,86.0,87.155,S - Must Sign,Critically acclaimed; High commercial potential; Consensus among critics
93819,26328,Budget analyst Form Leopard Truck Wine,Latino,2002,2,672562,4.333333333333333,0.5773502691896258,87.543,86.66666666666666,87.14865,S - Must Sign,Critically acclaimed; High commercial potential
42415,44928,Sweden Spider Suzuki,Western,2019,2,342311,4.333333333333333,0.28867513459481287,86.432,88.0,87.1376,S - Must Sign,Critically acclaimed; High commercial potential; Consensus among critics
95467,46452,Old Panther,Parody,2000,6,999027,4.666666666666667,0.28867513459481287,82.0645,93.33333333333333,87.135475,S - Must Sign,Critically acclaimed; High commercial potential; Consensus among critics; Proven sales track record
57540,17439,Informal,Holy Metal,2000,6,489026,4.666666666666667,0.28867513459481287,82.0645,93.33333333333333,87.135475,S - Must Sign,Critically acclaimed; High commercial potential; Consensus among critics
80759,48346,Believe Algerian Fire American Boy Steer,K-Pop,2007,2,698862,4.5,0.5,85.412,89.22649730810375,87.12852378864669,S - Must Sign,Critically acclaimed; High commercial potential; Consensus among critics
7227,48228,Falling Lemon Loves In the Sky,Indie,2007,2,564486,4.5,0.5,85.412,89.22649730810375,87.12852378864669,S - Must Sign,Critically acclaimed; High commercial potential; Consensus among critics
64408,25669, Toyota And Sexual Terrible Vampire,Punk,2007,2,733156,4.5,0.5,85.412,89.22649730810375,87.12852378864669,S - Must Sign,Critically acclaimed; High commercial potential; Consensus among critics
45855,41426,Upset At Home Construction Luxembourg You are My,Dance,2010,6,412156,3.5,0.0,93.77499999999999,79.0,87.12625,S - Must Sign,Solid reviews; High commercial potential; Consensus among critics
5690,13490,Moneyless Mouse,Lounge,2004,5,798141,4.166666666666667,0.28867513459481287,87.752,86.33333333333334,87.11360000000002,S - Must Sign,Critically acclaimed; High commercial potential; Consensus among critics
22387,38429,Dolphins Environmental Matter Israel Of Death,Country,2004,5,449960,4.166666666666667,0.28867513459481287,87.752,86.33333333333334,87.11360000000002,S - Must Sign,Critically acclaimed; High commercial potential; Consensus among critics
42472,48381,So Sad or So Mad Zebra Obviously Rock 'n' Roll kill,J-Rock,2004,5,663085,4.166666666666667,0.28867513459481287,87.752,86.33333333333334,87.11360000000002,S - Must Sign,Critically acclaimed; High commercial potential; Consensus among critics
17312,31668,Existing Hebrew Chapter book Dark Turquoise,Black Metal,2014,3,151475,4.333333333333333,0.28867513459481287,86.3625,88.0,87.09937500000001,S - Must Sign,Critically acclaimed; High commercial potential; Consensus among critics
26161,19546,Hope Standard Embarrassed Dolls Sheep,Blues,2014,3,542043,4.333333333333333,0.28867513459481287,86.3625,88.0,87.09937500000001,S - Must Sign,Critically acclaimed; High commercial potential; Consensus among critics
67860,18150,Dog Of Aiurveda,Indietronica,2000,8,712756,3.5,0.0,93.72399999999999,79.0,87.0982,S - Must Sign,Solid reviews; High commercial potential; Consensus among critics
34,40999,Gonna Bison Of Believe In the Sky,Alternative,2002,3,422751,4.5,0.5,85.35000000000001,89.22649730810375,87.0944237886467,S - Must Sign,Critically acclaimed; High commercial potential; Consensus among critics
78786,42822,Goddess Like Maccherona,Pop,2009,4,232494,4.333333333333333,0.28867513459481287,86.322,88.0,87.0771,S - Must Sign,Critically acclaimed; High commercial potential; Consensus among critics
16624,23855,Deep Down the Prince Of,Metal,2009,4,596601,4.333333333333333,0.28867513459481287,86.322,88.0,87.0771,S - Must Sign,Critically acclaimed; High commercial potential; Consensus among critics
